"","dive_table_id","anem_table_id","obs_time","date","site","gps","time.x","year","month","day","hour","min","sec","lat","lon","elev","time.y"
"1",61,1678,"16:44:20","2013-06-04","Magbangon South, Tinag-an",1,2013-06-04 08:44:20,2013,6,4,8,44,20,"10.861259","124.721542",0,2013-06-04 08:44:20
"2",61,1677,"16:44:20","2013-06-04","Magbangon South, Tinag-an",1,2013-06-04 08:44:20,2013,6,4,8,44,20,"10.861259","124.721542",0,2013-06-04 08:44:20
"3",61,1676,"16:44:20","2013-06-04","Magbangon South, Tinag-an",1,2013-06-04 08:44:20,2013,6,4,8,44,20,"10.861259","124.721542",0,2013-06-04 08:44:20
"4",61,1674,"16:44:20","2013-06-04","Magbangon South, Tinag-an",1,2013-06-04 08:44:20,2013,6,4,8,44,20,"10.861259","124.721542",0,2013-06-04 08:44:20
"5",61,1672,"16:44:20","2013-06-04","Magbangon South, Tinag-an",1,2013-06-04 08:44:20,2013,6,4,8,44,20,"10.861259","124.721542",0,2013-06-04 08:44:20
"6",61,1670,"16:44:20","2013-06-04","Magbangon South, Tinag-an",1,2013-06-04 08:44:20,2013,6,4,8,44,20,"10.861259","124.721542",0,2013-06-04 08:44:20
"7",61,1668,"16:44:20","2013-06-04","Magbangon South, Tinag-an",1,2013-06-04 08:44:20,2013,6,4,8,44,20,"10.861259","124.721542",0,2013-06-04 08:44:20
"8",61,1666,"16:44:20","2013-06-04","Magbangon South, Tinag-an",1,2013-06-04 08:44:20,2013,6,4,8,44,20,"10.861259","124.721542",0,2013-06-04 08:44:20
"9",61,1664,"16:44:20","2013-06-04","Magbangon South, Tinag-an",1,2013-06-04 08:44:20,2013,6,4,8,44,20,"10.861259","124.721542",0,2013-06-04 08:44:20
"10",58,1506,"15:32:20","2013-06-03","Sitio Baybayon, Punta",1,2013-06-03 07:32:20,2013,6,3,7,32,20,"10.634149","124.776717",0,2013-06-03 07:32:20
"11",55,1452,"14:30:12","2013-06-02","Sitio Hicgop, Caridad",1,2013-06-02 06:30:12,2013,6,2,6,30,12,"10.818038","124.761364",0,2013-06-02 06:30:12
"12",52,1440,"17:13:30","2013-06-01","Visca",1,2013-06-01 09:13:30,2013,6,1,9,13,30,"10.743787","124.786729",0,2013-06-01 09:13:30
"13",52,1436,"16:36:15","2013-06-01","Visca",1,2013-06-01 08:36:15,2013,6,1,8,36,15,"10.742955","124.787122",0,2013-06-01 08:36:15
"14",52,1432,"16:15:45","2013-06-01","Visca",1,2013-06-01 08:15:45,2013,6,1,8,15,45,"10.743742","124.786381",0,2013-06-01 08:15:45
"15",48,1370,"09:29:55","2013-05-31","Palanas North, Damulaan",1,2013-05-31 01:29:55,2013,5,31,1,29,55,"10.873798","124.710613",0,2013-05-31 01:29:55
"16",48,1364,"09:05:40","2013-05-31","Palanas North, Damulaan",1,2013-05-31 01:05:40,2013,5,31,1,5,40,"10.873909","124.710481",0,2013-05-31 01:05:40
"17",42,1210,"09:57:12","2013-05-29","Cabatoan, Tinag-an",1,2013-05-29 01:57:12,2013,5,29,1,57,12,"10.855449","124.726919",0,2013-05-29 01:57:12
"18",42,1202,"09:40:27","2013-05-29","Cabatoan, Tinag-an",1,2013-05-29 01:40:27,2013,5,29,1,40,27,"10.855166","124.726883",0,2013-05-29 01:40:27
"19",40,997,"12:02:23","2013-05-28","Wangag North, Damulaan",1,2013-05-28 04:02:23,2013,5,28,4,2,23,"10.871594","124.713913",0,2013-05-28 04:02:23
"20",40,958,"11:28:53","2013-05-28","Wangag North, Damulaan",1,2013-05-28 03:28:53,2013,5,28,3,28,53,"10.871861","124.713779",0,2013-05-28 03:28:53
"21",40,957,"11:28:53","2013-05-28","Wangag North, Damulaan",1,2013-05-28 03:28:53,2013,5,28,3,28,53,"10.871861","124.713779",0,2013-05-28 03:28:53
"22",40,956,"11:28:53","2013-05-28","Wangag North, Damulaan",1,2013-05-28 03:28:53,2013,5,28,3,28,53,"10.871861","124.713779",0,2013-05-28 03:28:53
"23",61,1675,"16:44:20","2013-06-04","Magbangon South, Tinag-an",1,2013-06-04 08:44:20,2013,6,4,8,44,20,"10.861259","124.721542",0,2013-06-04 08:44:20
"24",61,1673,"16:44:20","2013-06-04","Magbangon South, Tinag-an",1,2013-06-04 08:44:20,2013,6,4,8,44,20,"10.861259","124.721542",0,2013-06-04 08:44:20
"25",61,1671,"16:44:20","2013-06-04","Magbangon South, Tinag-an",1,2013-06-04 08:44:20,2013,6,4,8,44,20,"10.861259","124.721542",0,2013-06-04 08:44:20
"26",61,1669,"16:44:20","2013-06-04","Magbangon South, Tinag-an",1,2013-06-04 08:44:20,2013,6,4,8,44,20,"10.861259","124.721542",0,2013-06-04 08:44:20
"27",61,1667,"16:44:20","2013-06-04","Magbangon South, Tinag-an",1,2013-06-04 08:44:20,2013,6,4,8,44,20,"10.861259","124.721542",0,2013-06-04 08:44:20
"28",61,1665,"16:44:20","2013-06-04","Magbangon South, Tinag-an",1,2013-06-04 08:44:20,2013,6,4,8,44,20,"10.861259","124.721542",0,2013-06-04 08:44:20
"29",59,1523,"11:10:18","2013-06-04","Wangag South, Damulaan",1,2013-06-04 03:10:18,2013,6,4,3,10,18,"10.870070","124.715329",0,2013-06-04 03:10:18
"30",55,1465,"16:01:27","2013-06-02","Sitio Hicgop, Caridad",1,2013-06-02 08:01:27,2013,6,2,8,1,27,"10.811950","124.764371",0,2013-06-02 08:01:27
"31",52,1441,"17:18:00","2013-06-01","Visca",1,2013-06-01 09:18:00,2013,6,1,9,18,0,"10.744270","124.786506",0,2013-06-01 09:18:00
"32",52,1439,"17:07:00","2013-06-01","Visca",1,2013-06-01 09:07:00,2013,6,1,9,7,0,"10.743551","124.786856",0,2013-06-01 09:07:00
"33",52,1437,"16:58:00","2013-06-01","Visca",1,2013-06-01 08:58:00,2013,6,1,8,58,0,"10.743428","124.786937",0,2013-06-01 08:58:00
"34",52,1433,"16:19:30","2013-06-01","Visca",1,2013-06-01 08:19:30,2013,6,1,8,19,30,"10.743667","124.786493",0,2013-06-01 08:19:30
"35",52,1431,"16:06:00","2013-06-01","Visca",1,2013-06-01 08:06:00,2013,6,1,8,6,0,"10.743743","124.786429",0,2013-06-01 08:06:00
"36",48,1365,"09:06:10","2013-05-31","Palanas North, Damulaan",1,2013-05-31 01:06:10,2013,5,31,1,6,10,"10.873899","124.710497",0,2013-05-31 01:06:10
"37",48,1355,"08:44:10","2013-05-31","Palanas North, Damulaan",1,2013-05-31 00:44:10,2013,5,31,0,44,10,"10.874161","124.710455",0,2013-05-31 00:44:10
"38",105,2616,"11:54:00","2014-07-01","Poroc Rose, Marcos",1,2014-07-01 03:54:00,2014,7,1,3,54,0,"10.753421","124.784477",0,2014-07-01 03:54:00
"39",105,2614,"11:38:00","2014-07-01","Poroc Rose, Marcos",1,2014-07-01 03:38:00,2014,7,1,3,38,0,"10.755036","124.785063",0,2014-07-01 03:38:00
"40",105,2612,"11:26:00","2014-07-01","Poroc Rose, Marcos",1,2014-07-01 03:26:00,2014,7,1,3,26,0,"10.755449","124.785306",0,2014-07-01 03:26:00
"41",105,2610,"11:19:00","2014-07-01","Poroc Rose, Marcos",1,2014-07-01 03:19:00,2014,7,1,3,19,0,"10.755818","124.785530",0,2014-07-01 03:19:00
"42",105,2608,"11:15:00","2014-07-01","Poroc Rose, Marcos",1,2014-07-01 03:15:00,2014,7,1,3,15,0,"10.755992","124.785637",0,2014-07-01 03:15:00
"43",105,2606,"11:08:00","2014-07-01","Poroc Rose, Marcos",1,2014-07-01 03:08:00,2014,7,1,3,8,0,"10.756590","124.785956",0,2014-07-01 03:08:00
"44",105,2604,"11:05:00","2014-07-01","Poroc Rose, Marcos",1,2014-07-01 03:05:00,2014,7,1,3,5,0,"10.756465","124.785797",0,2014-07-01 03:05:00
"45",105,2602,"11:03:00","2014-07-01","Poroc Rose, Marcos",1,2014-07-01 03:03:00,2014,7,1,3,3,0,"10.756444","124.785788",0,2014-07-01 03:03:00
"46",105,2600,"10:52:00","2014-07-01","Poroc Rose, Marcos",1,2014-07-01 02:52:00,2014,7,1,2,52,0,"10.756101","124.785581",0,2014-07-01 02:52:00
"47",105,2617,"11:59:00","2014-07-01","Poroc Rose, Marcos",1,2014-07-01 03:59:00,2014,7,1,3,59,0,"10.753171","124.784376",0,2014-07-01 03:59:00
"48",105,2615,"11:39:00","2014-07-01","Poroc Rose, Marcos",1,2014-07-01 03:39:00,2014,7,1,3,39,0,"10.755048","124.785054",0,2014-07-01 03:39:00
"49",105,2613,"11:32:00","2014-07-01","Poroc Rose, Marcos",1,2014-07-01 03:32:00,2014,7,1,3,32,0,"10.755112","124.785087",0,2014-07-01 03:32:00
"50",105,2611,"11:24:00","2014-07-01","Poroc Rose, Marcos",1,2014-07-01 03:24:00,2014,7,1,3,24,0,"10.755623","124.785370",0,2014-07-01 03:24:00
"51",105,2609,"11:17:00","2014-07-01","Poroc Rose, Marcos",1,2014-07-01 03:17:00,2014,7,1,3,17,0,"10.755939","124.785609",0,2014-07-01 03:17:00
"52",105,2607,"11:10:00","2014-07-01","Poroc Rose, Marcos",1,2014-07-01 03:10:00,2014,7,1,3,10,0,"10.756561","124.785941",0,2014-07-01 03:10:00
"53",105,2605,"11:07:00","2014-07-01","Poroc Rose, Marcos",1,2014-07-01 03:07:00,2014,7,1,3,7,0,"10.756593","124.785942",0,2014-07-01 03:07:00
"54",105,2603,"11:04:00","2014-07-01","Poroc Rose, Marcos",1,2014-07-01 03:04:00,2014,7,1,3,4,0,"10.756461","124.785790",0,2014-07-01 03:04:00
"55",105,2601,"10:54:00","2014-07-01","Poroc Rose, Marcos",1,2014-07-01 02:54:00,2014,7,1,2,54,0,"10.756173","124.785643",0,2014-07-01 02:54:00
"56",244,6195,"09:54:07","2015-02-02","Haina",5,2015-02-02 01:54:07,2015,2,2,1,54,7,"10.6415765081","124.7779631428",0,2015-02-02 01:54:07
"57",242,6028,"11:56:12","2015-02-01","Magbangon",5,2015-02-01 03:56:12,2015,2,1,3,56,12,"10.8609854802","124.7217893042",0,2015-02-01 03:56:12
"58",242,6027,"11:56:12","2015-02-01","Magbangon",5,2015-02-01 03:56:12,2015,2,1,3,56,12,"10.8609854802","124.7217893042",0,2015-02-01 03:56:12
"59",242,6026,"11:56:12","2015-02-01","Magbangon",5,2015-02-01 03:56:12,2015,2,1,3,56,12,"10.8609854802","124.7217893042",0,2015-02-01 03:56:12
"60",242,6025,"11:56:12","2015-02-01","Magbangon",5,2015-02-01 03:56:12,2015,2,1,3,56,12,"10.8609854802","124.7217893042",0,2015-02-01 03:56:12
"61",242,6024,"11:56:12","2015-02-01","Magbangon",5,2015-02-01 03:56:12,2015,2,1,3,56,12,"10.8609854802","124.7217893042",0,2015-02-01 03:56:12
"62",242,6023,"11:56:12","2015-02-01","Magbangon",5,2015-02-01 03:56:12,2015,2,1,3,56,12,"10.8609854802","124.7217893042",0,2015-02-01 03:56:12
"63",242,6022,"11:56:12","2015-02-01","Magbangon",5,2015-02-01 03:56:12,2015,2,1,3,56,12,"10.8609854802","124.7217893042",0,2015-02-01 03:56:12
"64",242,6021,"11:56:12","2015-02-01","Magbangon",5,2015-02-01 03:56:12,2015,2,1,3,56,12,"10.8609854802","124.7217893042",0,2015-02-01 03:56:12
"65",242,6020,"11:56:12","2015-02-01","Magbangon",5,2015-02-01 03:56:12,2015,2,1,3,56,12,"10.8609854802","124.7217893042",0,2015-02-01 03:56:12
"66",242,6019,"11:56:12","2015-02-01","Magbangon",5,2015-02-01 03:56:12,2015,2,1,3,56,12,"10.8609854802","124.7217893042",0,2015-02-01 03:56:12
"67",242,6018,"11:56:12","2015-02-01","Magbangon",5,2015-02-01 03:56:12,2015,2,1,3,56,12,"10.8609854802","124.7217893042",0,2015-02-01 03:56:12
"68",242,6017,"11:56:12","2015-02-01","Magbangon",5,2015-02-01 03:56:12,2015,2,1,3,56,12,"10.8609854802","124.7217893042",0,2015-02-01 03:56:12
"69",242,6016,"11:56:12","2015-02-01","Magbangon",5,2015-02-01 03:56:12,2015,2,1,3,56,12,"10.8609854802","124.7217893042",0,2015-02-01 03:56:12
"70",242,6015,"11:56:12","2015-02-01","Magbangon",5,2015-02-01 03:56:12,2015,2,1,3,56,12,"10.8609854802","124.7217893042",0,2015-02-01 03:56:12
"71",242,6014,"11:56:12","2015-02-01","Magbangon",5,2015-02-01 03:56:12,2015,2,1,3,56,12,"10.8609854802","124.7217893042",0,2015-02-01 03:56:12
"72",242,6013,"11:56:12","2015-02-01","Magbangon",5,2015-02-01 03:56:12,2015,2,1,3,56,12,"10.8609854802","124.7217893042",0,2015-02-01 03:56:12
"73",241,5906,"11:24:50","2015-02-01","Magbangon",4,2015-02-01 03:24:50,2015,2,1,3,24,50,"10.8610999770","124.7217542678",0,2015-02-01 03:24:50
"74",241,5905,"11:24:50","2015-02-01","Magbangon",4,2015-02-01 03:24:50,2015,2,1,3,24,50,"10.8610999770","124.7217542678",0,2015-02-01 03:24:50
"75",241,5904,"11:24:50","2015-02-01","Magbangon",4,2015-02-01 03:24:50,2015,2,1,3,24,50,"10.8610999770","124.7217542678",0,2015-02-01 03:24:50
"76",241,5820,"11:01:35","2015-02-01","Magbangon",4,2015-02-01 03:01:35,2015,2,1,3,1,35,"10.8611698821","124.7216641624",0,2015-02-01 03:01:35
"77",241,5819,"11:01:35","2015-02-01","Magbangon",4,2015-02-01 03:01:35,2015,2,1,3,1,35,"10.8611698821","124.7216641624",0,2015-02-01 03:01:35
"78",241,5818,"11:01:35","2015-02-01","Magbangon",4,2015-02-01 03:01:35,2015,2,1,3,1,35,"10.8611698821","124.7216641624",0,2015-02-01 03:01:35
"79",241,5817,"11:01:35","2015-02-01","Magbangon",4,2015-02-01 03:01:35,2015,2,1,3,1,35,"10.8611698821","124.7216641624",0,2015-02-01 03:01:35
"80",241,5816,"11:01:35","2015-02-01","Magbangon",4,2015-02-01 03:01:35,2015,2,1,3,1,35,"10.8611698821","124.7216641624",0,2015-02-01 03:01:35
"81",241,5815,"11:01:35","2015-02-01","Magbangon",4,2015-02-01 03:01:35,2015,2,1,3,1,35,"10.8611698821","124.7216641624",0,2015-02-01 03:01:35
"82",241,5814,"11:01:35","2015-02-01","Magbangon",4,2015-02-01 03:01:35,2015,2,1,3,1,35,"10.8611698821","124.7216641624",0,2015-02-01 03:01:35
"83",241,5813,"11:01:35","2015-02-01","Magbangon",4,2015-02-01 03:01:35,2015,2,1,3,1,35,"10.8611698821","124.7216641624",0,2015-02-01 03:01:35
"84",241,5812,"11:01:35","2015-02-01","Magbangon",4,2015-02-01 03:01:35,2015,2,1,3,1,35,"10.8611698821","124.7216641624",0,2015-02-01 03:01:35
"85",241,5811,"11:01:35","2015-02-01","Magbangon",4,2015-02-01 03:01:35,2015,2,1,3,1,35,"10.8611698821","124.7216641624",0,2015-02-01 03:01:35
"86",241,5810,"11:01:35","2015-02-01","Magbangon",4,2015-02-01 03:01:35,2015,2,1,3,1,35,"10.8611698821","124.7216641624",0,2015-02-01 03:01:35
"87",241,5736,"10:39:06","2015-02-01","Magbangon",4,2015-02-01 02:39:06,2015,2,1,2,39,6,"10.8613318205","124.7216207441",0,2015-02-01 02:39:06
"88",241,5712,"10:31:06","2015-02-01","Magbangon",4,2015-02-01 02:31:06,2015,2,1,2,31,6,"10.8614488319","124.7215498332",0,2015-02-01 02:31:06
"89",241,5711,"10:31:06","2015-02-01","Magbangon",4,2015-02-01 02:31:06,2015,2,1,2,31,6,"10.8614488319","124.7215498332",0,2015-02-01 02:31:06
"90",241,5710,"10:31:06","2015-02-01","Magbangon",4,2015-02-01 02:31:06,2015,2,1,2,31,6,"10.8614488319","124.7215498332",0,2015-02-01 02:31:06
"91",238,5671,"09:01:34","2015-01-31","Visca ",5,2015-01-31 01:01:34,2015,1,31,1,1,34,"10.7434543502","124.7866216488",0,2015-01-31 01:01:34
"92",210,5656,"15:05:00","2015-01-22","Magbangon",3,2015-01-22 07:05:00,2015,1,22,7,5,0,"10.8612024039","124.7215134557",0,2015-01-22 07:05:00
"93",210,5634,"15:00:00","2015-01-22","Magbangon",3,2015-01-22 07:00:00,2015,1,22,7,0,0,"10.8612150606","124.7214961052",0,2015-01-22 07:00:00
"94",210,5633,"14:58:00","2015-01-22","Magbangon",3,2015-01-22 06:58:00,2015,1,22,6,58,0,"10.8612169046","124.7215235140",0,2015-01-22 06:58:00
"95",210,5632,"14:58:00","2015-01-22","Magbangon",3,2015-01-22 06:58:00,2015,1,22,6,58,0,"10.8612169046","124.7215235140",0,2015-01-22 06:58:00
"96",210,5631,"14:57:00","2015-01-22","Magbangon",3,2015-01-22 06:57:00,2015,1,22,6,57,0,"10.8612213470","124.7215217538",0,2015-01-22 06:57:00
"97",210,5630,"14:56:00","2015-01-22","Magbangon",3,2015-01-22 06:56:00,2015,1,22,6,56,0,"10.8612080198","124.7215551976",0,2015-01-22 06:56:00
"98",210,5607,"14:50:45","2015-01-22","Magbangon",3,2015-01-22 06:50:45,2015,1,22,6,50,45,"10.8612309024","124.7215669323",0,2015-01-22 06:50:45
"99",210,5606,"14:50:45","2015-01-22","Magbangon",3,2015-01-22 06:50:45,2015,1,22,6,50,45,"10.8612309024","124.7215669323",0,2015-01-22 06:50:45
"100",210,5597,"14:48:15","2015-01-22","Magbangon",3,2015-01-22 06:48:15,2015,1,22,6,48,15,"10.8612572215","124.7215403616",0,2015-01-22 06:48:15
"101",210,5574,"14:45:00","2015-01-22","Magbangon",3,2015-01-22 06:45:00,2015,1,22,6,45,0,"10.8612849656","124.7216039803",0,2015-01-22 06:45:00
"102",210,5567,"14:41:00","2015-01-22","Magbangon",3,2015-01-22 06:41:00,2015,1,22,6,41,0,"10.8612839598","124.7216258571",0,2015-01-22 06:41:00
"103",210,5566,"14:41:00","2015-01-22","Magbangon",3,2015-01-22 06:41:00,2015,1,22,6,41,0,"10.8612839598","124.7216258571",0,2015-01-22 06:41:00
"104",210,5565,"14:41:00","2015-01-22","Magbangon",3,2015-01-22 06:41:00,2015,1,22,6,41,0,"10.8612839598","124.7216258571",0,2015-01-22 06:41:00
"105",210,5546,"14:36:00","2015-01-22","Magbangon",3,2015-01-22 06:36:00,2015,1,22,6,36,0,"10.8612962812","124.7216624860",0,2015-01-22 06:36:00
"106",210,5512,"14:28:00","2015-01-22","Magbangon",3,2015-01-22 06:28:00,2015,1,22,6,28,0,"10.8612776734","124.7216805909",0,2015-01-22 06:28:00
"107",210,5508,"14:27:30","2015-01-22","Magbangon",3,2015-01-22 06:27:30,2015,1,22,6,27,30,"10.8612934314","124.7216597199",0,2015-01-22 06:27:30
"108",211,5505,"14:27:00","2015-01-22","Magbangon",4,2015-01-22 06:27:00,2015,1,22,6,27,0,"10.8613204211","124.7217033897",0,2015-01-22 06:27:00
"109",211,5504,"14:27:00","2015-01-22","Magbangon",4,2015-01-22 06:27:00,2015,1,22,6,27,0,"10.8613204211","124.7217033897",0,2015-01-22 06:27:00
"110",211,5503,"14:27:00","2015-01-22","Magbangon",4,2015-01-22 06:27:00,2015,1,22,6,27,0,"10.8613204211","124.7217033897",0,2015-01-22 06:27:00
"111",211,5502,"14:27:00","2015-01-22","Magbangon",4,2015-01-22 06:27:00,2015,1,22,6,27,0,"10.8613204211","124.7217033897",0,2015-01-22 06:27:00
"112",211,5501,"14:27:00","2015-01-22","Magbangon",4,2015-01-22 06:27:00,2015,1,22,6,27,0,"10.8613204211","124.7217033897",0,2015-01-22 06:27:00
"113",211,5500,"14:27:00","2015-01-22","Magbangon",4,2015-01-22 06:27:00,2015,1,22,6,27,0,"10.8613204211","124.7217033897",0,2015-01-22 06:27:00
"114",211,5499,"14:27:00","2015-01-22","Magbangon",4,2015-01-22 06:27:00,2015,1,22,6,27,0,"10.8613204211","124.7217033897",0,2015-01-22 06:27:00
"115",210,5498,"14:25:30","2015-01-22","Magbangon",3,2015-01-22 06:25:30,2015,1,22,6,25,30,"10.8613385260","124.7216317244",0,2015-01-22 06:25:30
"116",210,5497,"14:25:30","2015-01-22","Magbangon",3,2015-01-22 06:25:30,2015,1,22,6,25,30,"10.8613385260","124.7216317244",0,2015-01-22 06:25:30
"117",210,5496,"14:25:30","2015-01-22","Magbangon",3,2015-01-22 06:25:30,2015,1,22,6,25,30,"10.8613385260","124.7216317244",0,2015-01-22 06:25:30
"118",210,5495,"14:25:30","2015-01-22","Magbangon",3,2015-01-22 06:25:30,2015,1,22,6,25,30,"10.8613385260","124.7216317244",0,2015-01-22 06:25:30
"119",210,5494,"14:25:30","2015-01-22","Magbangon",3,2015-01-22 06:25:30,2015,1,22,6,25,30,"10.8613385260","124.7216317244",0,2015-01-22 06:25:30
"120",210,5445,"14:15:00","2015-01-22","Magbangon",3,2015-01-22 06:15:00,2015,1,22,6,15,0,"10.8614407852","124.7215229273",0,2015-01-22 06:15:00
"121",210,5444,"14:14:00","2015-01-22","Magbangon",3,2015-01-22 06:14:00,2015,1,22,6,14,0,"10.8614756539","124.7215329856",0,2015-01-22 06:14:00
"122",210,5422,"14:11:30","2015-01-22","Magbangon",3,2015-01-22 06:11:30,2015,1,22,6,11,30,"10.8614409529","124.7215214185",0,2015-01-22 06:11:30
"123",210,5421,"14:11:30","2015-01-22","Magbangon",3,2015-01-22 06:11:30,2015,1,22,6,11,30,"10.8614409529","124.7215214185",0,2015-01-22 06:11:30
"124",210,5420,"14:11:30","2015-01-22","Magbangon",3,2015-01-22 06:11:30,2015,1,22,6,11,30,"10.8614409529","124.7215214185",0,2015-01-22 06:11:30
"125",210,5419,"14:10:30","2015-01-22","Magbangon",3,2015-01-22 06:10:30,2015,1,22,6,10,30,"10.8614296373","124.7215099353",0,2015-01-22 06:10:30
"126",210,5418,"14:10:30","2015-01-22","Magbangon",3,2015-01-22 06:10:30,2015,1,22,6,10,30,"10.8614296373","124.7215099353",0,2015-01-22 06:10:30
"127",210,5408,"14:08:00","2015-01-22","Magbangon",3,2015-01-22 06:08:00,2015,1,22,6,8,0,"10.8614384383","124.7214878909",0,2015-01-22 06:08:00
"128",210,5407,"14:08:00","2015-01-22","Magbangon",3,2015-01-22 06:08:00,2015,1,22,6,8,0,"10.8614384383","124.7214878909",0,2015-01-22 06:08:00
"129",210,5406,"14:08:00","2015-01-22","Magbangon",3,2015-01-22 06:08:00,2015,1,22,6,8,0,"10.8614384383","124.7214878909",0,2015-01-22 06:08:00
"130",211,5405,"14:08:00","2015-01-22","Magbangon",4,2015-01-22 06:08:00,2015,1,22,6,8,0,"10.8613328263","124.7215464804",0,2015-01-22 06:08:00
"131",210,5395,"14:06:30","2015-01-22","Magbangon",3,2015-01-22 06:06:30,2015,1,22,6,6,30,"10.8614422940","124.7214789223",0,2015-01-22 06:06:30
"132",210,5394,"14:06:30","2015-01-22","Magbangon",3,2015-01-22 06:06:30,2015,1,22,6,6,30,"10.8614422940","124.7214789223",0,2015-01-22 06:06:30
"133",210,5393,"14:06:30","2015-01-22","Magbangon",3,2015-01-22 06:06:30,2015,1,22,6,6,30,"10.8614422940","124.7214789223",0,2015-01-22 06:06:30
"134",210,5375,"14:02:00","2015-01-22","Magbangon",3,2015-01-22 06:02:00,2015,1,22,6,2,0,"10.8614831138","124.7214198299",0,2015-01-22 06:02:00
"135",210,5356,"13:59:00","2015-01-22","Magbangon",3,2015-01-22 05:59:00,2015,1,22,5,59,0,"10.8615199104","124.7213894874",0,2015-01-22 05:59:00
"136",210,5355,"13:59:00","2015-01-22","Magbangon",3,2015-01-22 05:59:00,2015,1,22,5,59,0,"10.8615199104","124.7213894874",0,2015-01-22 05:59:00
"137",210,5354,"13:59:00","2015-01-22","Magbangon",3,2015-01-22 05:59:00,2015,1,22,5,59,0,"10.8615199104","124.7213894874",0,2015-01-22 05:59:00
"138",210,5322,"13:55:00","2015-01-22","Magbangon",3,2015-01-22 05:55:00,2015,1,22,5,55,0,"10.8615261130","124.7213780880",0,2015-01-22 05:55:00
"139",210,5321,"13:55:00","2015-01-22","Magbangon",3,2015-01-22 05:55:00,2015,1,22,5,55,0,"10.8615261130","124.7213780880",0,2015-01-22 05:55:00
"140",210,5320,"13:55:00","2015-01-22","Magbangon",3,2015-01-22 05:55:00,2015,1,22,5,55,0,"10.8615261130","124.7213780880",0,2015-01-22 05:55:00
"141",210,5319,"13:55:00","2015-01-22","Magbangon",3,2015-01-22 05:55:00,2015,1,22,5,55,0,"10.8615261130","124.7213780880",0,2015-01-22 05:55:00
"142",210,5318,"13:55:00","2015-01-22","Magbangon",3,2015-01-22 05:55:00,2015,1,22,5,55,0,"10.8615261130","124.7213780880",0,2015-01-22 05:55:00
"143",210,5289,"13:49:00","2015-01-22","Magbangon",3,2015-01-22 05:49:00,2015,1,22,5,49,0,"10.8615486603","124.7214519326",0,2015-01-22 05:49:00
"144",210,5288,"13:49:00","2015-01-22","Magbangon",3,2015-01-22 05:49:00,2015,1,22,5,49,0,"10.8615486603","124.7214519326",0,2015-01-22 05:49:00
"145",210,5259,"13:45:00","2015-01-22","Magbangon",3,2015-01-22 05:45:00,2015,1,22,5,45,0,"10.8615459781","124.7214459814",0,2015-01-22 05:45:00
"146",210,5258,"13:45:00","2015-01-22","Magbangon",3,2015-01-22 05:45:00,2015,1,22,5,45,0,"10.8615459781","124.7214459814",0,2015-01-22 05:45:00
"147",210,5239,"13:39:00","2015-01-22","Magbangon",3,2015-01-22 05:39:00,2015,1,22,5,39,0,"10.8615508396","124.7214179859",0,2015-01-22 05:39:00
"148",210,5238,"13:39:00","2015-01-22","Magbangon",3,2015-01-22 05:39:00,2015,1,22,5,39,0,"10.8615508396","124.7214179859",0,2015-01-22 05:39:00
"149",210,5237,"13:39:00","2015-01-22","Magbangon",3,2015-01-22 05:39:00,2015,1,22,5,39,0,"10.8615508396","124.7214179859",0,2015-01-22 05:39:00
"150",209,5226,"13:37:56","2015-01-22","Magbangon",2,2015-01-22 05:37:56,2015,1,22,5,37,56,"10.8614924178","124.7215002123",0,2015-01-22 05:37:56
"151",209,5225,"13:37:56","2015-01-22","Magbangon",2,2015-01-22 05:37:56,2015,1,22,5,37,56,"10.8614924178","124.7215002123",0,2015-01-22 05:37:56
"152",209,5224,"13:37:56","2015-01-22","Magbangon",2,2015-01-22 05:37:56,2015,1,22,5,37,56,"10.8614924178","124.7215002123",0,2015-01-22 05:37:56
"153",209,5223,"13:37:56","2015-01-22","Magbangon",2,2015-01-22 05:37:56,2015,1,22,5,37,56,"10.8614924178","124.7215002123",0,2015-01-22 05:37:56
"154",209,5222,"13:37:56","2015-01-22","Magbangon",2,2015-01-22 05:37:56,2015,1,22,5,37,56,"10.8614924178","124.7215002123",0,2015-01-22 05:37:56
"155",209,5221,"13:37:56","2015-01-22","Magbangon",2,2015-01-22 05:37:56,2015,1,22,5,37,56,"10.8614924178","124.7215002123",0,2015-01-22 05:37:56
"156",209,5220,"13:37:56","2015-01-22","Magbangon",2,2015-01-22 05:37:56,2015,1,22,5,37,56,"10.8614924178","124.7215002123",0,2015-01-22 05:37:56
"157",210,5212,"13:34:00","2015-01-22","Magbangon",3,2015-01-22 05:34:00,2015,1,22,5,34,0,"10.8615494985","124.7213971987",0,2015-01-22 05:34:00
"158",210,5211,"13:34:00","2015-01-22","Magbangon",3,2015-01-22 05:34:00,2015,1,22,5,34,0,"10.8615494985","124.7213971987",0,2015-01-22 05:34:00
"159",210,5210,"13:34:00","2015-01-22","Magbangon",3,2015-01-22 05:34:00,2015,1,22,5,34,0,"10.8615494985","124.7213971987",0,2015-01-22 05:34:00
"160",210,5209,"13:34:00","2015-01-22","Magbangon",3,2015-01-22 05:34:00,2015,1,22,5,34,0,"10.8615494985","124.7213971987",0,2015-01-22 05:34:00
"161",210,5208,"13:34:00","2015-01-22","Magbangon",3,2015-01-22 05:34:00,2015,1,22,5,34,0,"10.8615494985","124.7213971987",0,2015-01-22 05:34:00
"162",210,5207,"13:34:00","2015-01-22","Magbangon",3,2015-01-22 05:34:00,2015,1,22,5,34,0,"10.8615494985","124.7213971987",0,2015-01-22 05:34:00
"163",210,5206,"13:34:00","2015-01-22","Magbangon",3,2015-01-22 05:34:00,2015,1,22,5,34,0,"10.8615494985","124.7213971987",0,2015-01-22 05:34:00
"164",212,5202,"13:32:58","2015-01-22","Magbangon",5,2015-01-22 05:32:58,2015,1,22,5,32,58,"10.8615359198","124.7213951871",0,2015-01-22 05:32:58
"165",212,5201,"13:32:58","2015-01-22","Magbangon",5,2015-01-22 05:32:58,2015,1,22,5,32,58,"10.8615359198","124.7213951871",0,2015-01-22 05:32:58
"166",212,5200,"13:32:58","2015-01-22","Magbangon",5,2015-01-22 05:32:58,2015,1,22,5,32,58,"10.8615359198","124.7213951871",0,2015-01-22 05:32:58
"167",210,5197,"13:32:00","2015-01-22","Magbangon",3,2015-01-22 05:32:00,2015,1,22,5,32,0,"10.8615662623","124.7214181535",0,2015-01-22 05:32:00
"168",210,5196,"13:32:00","2015-01-22","Magbangon",3,2015-01-22 05:32:00,2015,1,22,5,32,0,"10.8615662623","124.7214181535",0,2015-01-22 05:32:00
"169",210,5182,"13:29:00","2015-01-22","Magbangon",3,2015-01-22 05:29:00,2015,1,22,5,29,0,"10.8615566231","124.7214201652",0,2015-01-22 05:29:00
"170",210,5181,"13:29:00","2015-01-22","Magbangon",3,2015-01-22 05:29:00,2015,1,22,5,29,0,"10.8615566231","124.7214201652",0,2015-01-22 05:29:00
"171",210,5180,"13:29:00","2015-01-22","Magbangon",3,2015-01-22 05:29:00,2015,1,22,5,29,0,"10.8615566231","124.7214201652",0,2015-01-22 05:29:00
"172",211,5087,"13:09:16","2015-01-22","Magbangon",4,2015-01-22 05:09:16,2015,1,22,5,9,16,"10.8614634164","124.7213894036",0,2015-01-22 05:09:16
"173",211,5086,"13:09:16","2015-01-22","Magbangon",4,2015-01-22 05:09:16,2015,1,22,5,9,16,"10.8614634164","124.7213894036",0,2015-01-22 05:09:16
"174",211,5085,"13:09:16","2015-01-22","Magbangon",4,2015-01-22 05:09:16,2015,1,22,5,9,16,"10.8614634164","124.7213894036",0,2015-01-22 05:09:16
"175",211,5084,"13:09:16","2015-01-22","Magbangon",4,2015-01-22 05:09:16,2015,1,22,5,9,16,"10.8614634164","124.7213894036",0,2015-01-22 05:09:16
"176",210,5067,"13:06:00","2015-01-22","Magbangon",3,2015-01-22 05:06:00,2015,1,22,5,6,0,"10.8615113609","124.7213591449",0,2015-01-22 05:06:00
"177",210,5066,"13:06:00","2015-01-22","Magbangon",3,2015-01-22 05:06:00,2015,1,22,5,6,0,"10.8615113609","124.7213591449",0,2015-01-22 05:06:00
"178",210,5065,"13:06:00","2015-01-22","Magbangon",3,2015-01-22 05:06:00,2015,1,22,5,6,0,"10.8615113609","124.7213591449",0,2015-01-22 05:06:00
"179",210,5064,"13:06:00","2015-01-22","Magbangon",3,2015-01-22 05:06:00,2015,1,22,5,6,0,"10.8615113609","124.7213591449",0,2015-01-22 05:06:00
"180",210,5051,"13:04:00","2015-01-22","Magbangon",3,2015-01-22 05:04:00,2015,1,22,5,4,0,"10.8614935912","124.7213753220",0,2015-01-22 05:04:00
"181",210,5050,"13:04:00","2015-01-22","Magbangon",3,2015-01-22 05:04:00,2015,1,22,5,4,0,"10.8614935912","124.7213753220",0,2015-01-22 05:04:00
"182",210,5033,"13:01:00","2015-01-22","Magbangon",3,2015-01-22 05:01:00,2015,1,22,5,1,0,"10.8615251910","124.7213687003",0,2015-01-22 05:01:00
"183",210,5032,"13:01:00","2015-01-22","Magbangon",3,2015-01-22 05:01:00,2015,1,22,5,1,0,"10.8615251910","124.7213687003",0,2015-01-22 05:01:00
"184",210,5031,"13:01:00","2015-01-22","Magbangon",3,2015-01-22 05:01:00,2015,1,22,5,1,0,"10.8615251910","124.7213687003",0,2015-01-22 05:01:00
"185",210,5030,"13:01:00","2015-01-22","Magbangon",3,2015-01-22 05:01:00,2015,1,22,5,1,0,"10.8615251910","124.7213687003",0,2015-01-22 05:01:00
"186",210,5029,"13:01:00","2015-01-22","Magbangon",3,2015-01-22 05:01:00,2015,1,22,5,1,0,"10.8615251910","124.7213687003",0,2015-01-22 05:01:00
"187",210,5025,"12:57:30","2015-01-22","Magbangon",3,2015-01-22 04:57:30,2015,1,22,4,57,30,"10.8615645859","124.7213637549",0,2015-01-22 04:57:30
"188",210,5024,"12:57:30","2015-01-22","Magbangon",3,2015-01-22 04:57:30,2015,1,22,4,57,30,"10.8615645859","124.7213637549",0,2015-01-22 04:57:30
"189",202,4991,"14:47:25","2015-01-21","Hicgop South",3,2015-01-21 06:47:25,2015,1,21,6,47,25,"10.8090923633","124.7654482909",0,2015-01-21 06:47:25
"190",186,4959,"14:46:15","2015-01-20","Sitio Baybayon",2,2015-01-20 06:46:15,2015,1,20,6,46,15,"10.6352900807","124.7761869337",0,2015-01-20 06:46:15
"191",187,4955,"14:39:34","2015-01-20","Sitio Baybayon",3,2015-01-20 06:39:34,2015,1,20,6,39,34,"10.6362617947","124.7757296171",0,2015-01-20 06:39:34
"192",187,4954,"14:39:34","2015-01-20","Sitio Baybayon",3,2015-01-20 06:39:34,2015,1,20,6,39,34,"10.6362617947","124.7757296171",0,2015-01-20 06:39:34
"193",187,4953,"14:39:34","2015-01-20","Sitio Baybayon",3,2015-01-20 06:39:34,2015,1,20,6,39,34,"10.6362617947","124.7757296171",0,2015-01-20 06:39:34
"194",187,4952,"14:39:34","2015-01-20","Sitio Baybayon",3,2015-01-20 06:39:34,2015,1,20,6,39,34,"10.6362617947","124.7757296171",0,2015-01-20 06:39:34
"195",187,4951,"14:39:34","2015-01-20","Sitio Baybayon",3,2015-01-20 06:39:34,2015,1,20,6,39,34,"10.6362617947","124.7757296171",0,2015-01-20 06:39:34
"196",187,4950,"14:39:34","2015-01-20","Sitio Baybayon",3,2015-01-20 06:39:34,2015,1,20,6,39,34,"10.6362617947","124.7757296171",0,2015-01-20 06:39:34
"197",187,4949,"14:39:34","2015-01-20","Sitio Baybayon",3,2015-01-20 06:39:34,2015,1,20,6,39,34,"10.6362617947","124.7757296171",0,2015-01-20 06:39:34
"198",186,4935,"14:21:00","2015-01-20","Sitio Baybayon",2,2015-01-20 06:21:00,2015,1,20,6,21,0,"10.6352779269","124.7761294339",0,2015-01-20 06:21:00
"199",187,4932,"14:18:34","2015-01-20","Sitio Baybayon",3,2015-01-20 06:18:34,2015,1,20,6,18,34,"10.6361137703","124.7753758170",0,2015-01-20 06:18:34
"200",187,4931,"14:18:34","2015-01-20","Sitio Baybayon",3,2015-01-20 06:18:34,2015,1,20,6,18,34,"10.6361137703","124.7753758170",0,2015-01-20 06:18:34
"201",186,4930,"14:18:30","2015-01-20","Sitio Baybayon",2,2015-01-20 06:18:30,2015,1,20,6,18,30,"10.6353413779","124.7760830820",0,2015-01-20 06:18:30
"202",186,4925,"14:07:30","2015-01-20","Sitio Baybayon",2,2015-01-20 06:07:30,2015,1,20,6,7,30,"10.6353390310","124.7760052979",0,2015-01-20 06:07:30
"203",186,4907,"13:42:30","2015-01-20","Sitio Baybayon",2,2015-01-20 05:42:30,2015,1,20,5,42,30,"10.6353885680","124.7760280129",0,2015-01-20 05:42:30
"204",188,4893,"13:18:00","2015-01-20","Sitio Baybayon",4,2015-01-20 05:18:00,2015,1,20,5,18,0,"10.6356508378","124.7760592774",0,2015-01-20 05:18:00
"205",187,4890,"13:15:19","2015-01-20","Sitio Baybayon",3,2015-01-20 05:15:19,2015,1,20,5,15,19,"10.6353456527","124.7757464647",0,2015-01-20 05:15:19
"206",187,4889,"13:15:19","2015-01-20","Sitio Baybayon",3,2015-01-20 05:15:19,2015,1,20,5,15,19,"10.6353456527","124.7757464647",0,2015-01-20 05:15:19
"207",188,4888,"13:15:00","2015-01-20","Sitio Baybayon",4,2015-01-20 05:15:00,2015,1,20,5,15,0,"10.6356528495","124.7760508116",0,2015-01-20 05:15:00
"208",188,4887,"13:13:30","2015-01-20","Sitio Baybayon",4,2015-01-20 05:13:30,2015,1,20,5,13,30,"10.6356251054","124.7760904580",0,2015-01-20 05:13:30
"209",188,4886,"13:13:00","2015-01-20","Sitio Baybayon",4,2015-01-20 05:13:00,2015,1,20,5,13,0,"10.6356290448","124.7760973312",0,2015-01-20 05:13:00
"210",188,4884,"13:12:00","2015-01-20","Sitio Baybayon",4,2015-01-20 05:12:00,2015,1,20,5,12,0,"10.6356127840","124.7761265002",0,2015-01-20 05:12:00
"211",188,4883,"13:11:00","2015-01-20","Sitio Baybayon",4,2015-01-20 05:11:00,2015,1,20,5,11,0,"10.6356313918","124.7761614528",0,2015-01-20 05:11:00
"212",188,4882,"13:11:00","2015-01-20","Sitio Baybayon",4,2015-01-20 05:11:00,2015,1,20,5,11,0,"10.6356313918","124.7761614528",0,2015-01-20 05:11:00
"213",188,4879,"13:08:00","2015-01-20","Sitio Baybayon",4,2015-01-20 05:08:00,2015,1,20,5,8,0,"10.6356038153","124.7762073018",0,2015-01-20 05:08:00
"214",187,4876,"13:05:04","2015-01-20","Sitio Baybayon",3,2015-01-20 05:05:04,2015,1,20,5,5,4,"10.6354131270","124.7756820917",0,2015-01-20 05:05:04
"215",188,4875,"13:01:00","2015-01-20","Sitio Baybayon",4,2015-01-20 05:01:00,2015,1,20,5,1,0,"10.6355752330","124.7762508877",0,2015-01-20 05:01:00
"216",188,4874,"13:01:00","2015-01-20","Sitio Baybayon",4,2015-01-20 05:01:00,2015,1,20,5,1,0,"10.6355752330","124.7762508877",0,2015-01-20 05:01:00
"217",188,4869,"12:57:00","2015-01-20","Sitio Baybayon",4,2015-01-20 04:57:00,2015,1,20,4,57,0,"10.6354309805","124.7762742732",0,2015-01-20 04:57:00
"218",188,4868,"12:57:00","2015-01-20","Sitio Baybayon",4,2015-01-20 04:57:00,2015,1,20,4,57,0,"10.6354309805","124.7762742732",0,2015-01-20 04:57:00
"219",188,4866,"12:55:00","2015-01-20","Sitio Baybayon",4,2015-01-20 04:55:00,2015,1,20,4,55,0,"10.6354017276","124.7762696631",0,2015-01-20 04:55:00
"220",188,4865,"12:55:00","2015-01-20","Sitio Baybayon",4,2015-01-20 04:55:00,2015,1,20,4,55,0,"10.6354017276","124.7762696631",0,2015-01-20 04:55:00
"221",188,4864,"12:55:00","2015-01-20","Sitio Baybayon",4,2015-01-20 04:55:00,2015,1,20,4,55,0,"10.6354017276","124.7762696631",0,2015-01-20 04:55:00
"222",187,4860,"12:50:04","2015-01-20","Sitio Baybayon",3,2015-01-20 04:50:04,2015,1,20,4,50,4,"10.6355472375","124.7757867817",0,2015-01-20 04:50:04
"223",188,4858,"12:48:00","2015-01-20","Sitio Baybayon",4,2015-01-20 04:48:00,2015,1,20,4,48,0,"10.6353536993","124.7763036098",0,2015-01-20 04:48:00
"224",188,4857,"12:46:00","2015-01-20","Sitio Baybayon",4,2015-01-20 04:46:00,2015,1,20,4,46,0,"10.6353448145","124.7762608621",0,2015-01-20 04:46:00
"225",188,4855,"12:43:30","2015-01-20","Sitio Baybayon",4,2015-01-20 04:43:30,2015,1,20,4,43,30,"10.6353010610","124.7762536537",0,2015-01-20 04:43:30
"226",188,4854,"12:43:30","2015-01-20","Sitio Baybayon",4,2015-01-20 04:43:30,2015,1,20,4,43,30,"10.6353010610","124.7762536537",0,2015-01-20 04:43:30
"227",188,4853,"12:43:30","2015-01-20","Sitio Baybayon",4,2015-01-20 04:43:30,2015,1,20,4,43,30,"10.6353010610","124.7762536537",0,2015-01-20 04:43:30
"228",186,4852,"12:42:00","2015-01-20","Sitio Baybayon",2,2015-01-20 04:42:00,2015,1,20,4,42,0,"10.6350397132","124.7760342993",0,2015-01-20 04:42:00
"229",188,4851,"12:41:00","2015-01-20","Sitio Baybayon",4,2015-01-20 04:41:00,2015,1,20,4,41,0,"10.6352315750","124.7762457747",0,2015-01-20 04:41:00
"230",183,4846,"10:31:22","2015-01-20","Haina",3,2015-01-20 02:31:22,2015,1,20,2,31,22,"10.6406144332","124.7820407711",0,2015-01-20 02:31:22
"231",183,4814,"09:48:22","2015-01-20","Haina",3,2015-01-20 01:48:22,2015,1,20,1,48,22,"10.6408907846","124.7835278884",0,2015-01-20 01:48:22
"232",182,4786,"09:13:34","2015-01-20","Haina",2,2015-01-20 01:13:34,2015,1,20,1,13,34,"10.6414881628","124.7800628096",0,2015-01-20 01:13:34
"233",181,4770,"15:35:37","2015-01-19","Sitio Baybayon",5,2015-01-19 07:35:37,2015,1,19,7,35,37,"10.6352392025","124.7760500573",0,2015-01-19 07:35:37
"234",181,4761,"15:28:07","2015-01-19","Sitio Baybayon",5,2015-01-19 07:28:07,2015,1,19,7,28,7,"10.6351192575","124.7758536693",0,2015-01-19 07:28:07
"235",180,4753,"15:15:34","2015-01-19","Sitio Baybayon",4,2015-01-19 07:15:34,2015,1,19,7,15,34,"10.6351961195","124.7761314455",0,2015-01-19 07:15:34
"236",181,4699,"13:48:07","2015-01-19","Sitio Baybayon",5,2015-01-19 05:48:07,2015,1,19,5,48,7,"10.6333987880","124.7765425779",0,2015-01-19 05:48:07
"237",179,4680,"11:53:20","2015-01-19","Sitio Baybayon",5,2015-01-19 03:53:20,2015,1,19,3,53,20,"10.6350043416","124.7764094733",0,2015-01-19 03:53:20
"238",179,4656,"11:27:35","2015-01-19","Sitio Baybayon",5,2015-01-19 03:27:35,2015,1,19,3,27,35,"10.6348893419","124.7762477864",0,2015-01-19 03:27:35
"239",175,4556,"14:50:49","2015-01-15","Wangag",3,2015-01-15 06:50:49,2015,1,15,6,50,49,"10.8699025679","124.7158134263",0,2015-01-15 06:50:49
"240",170,4220,"10:14:16","2015-01-15","Magbangon",1,2015-01-15 02:14:16,2015,1,15,2,14,16,"10.861973","124.720968",0,2015-01-15 02:14:16
"241",167,4092,"16:06:20","2015-01-14","Wangag",3,2015-01-14 08:06:20,2015,1,14,8,6,20,"10.8717895858","124.7137235664",0,2015-01-14 08:06:20
"242",165,4088,"16:04:29","2015-01-14","Wangag",1,2015-01-14 08:04:29,2015,1,14,8,4,29,"10.871522","124.714043",0,2015-01-14 08:04:29
"243",167,4017,"15:37:50","2015-01-14","Wangag",3,2015-01-14 07:37:50,2015,1,14,7,37,50,"10.8716899250","124.7141289990",0,2015-01-14 07:37:50
"244",165,3990,"15:27:59","2015-01-14","Wangag",1,2015-01-14 07:27:59,2015,1,14,7,27,59,"10.871510","124.714191",0,2015-01-14 07:27:59
"245",167,3970,"15:19:20","2015-01-14","Wangag",3,2015-01-14 07:19:20,2015,1,14,7,19,20,"10.8714649547","124.7144790273",0,2015-01-14 07:19:20
"246",167,3969,"15:19:20","2015-01-14","Wangag",3,2015-01-14 07:19:20,2015,1,14,7,19,20,"10.8714649547","124.7144790273",0,2015-01-14 07:19:20
"247",167,3968,"15:19:20","2015-01-14","Wangag",3,2015-01-14 07:19:20,2015,1,14,7,19,20,"10.8714649547","124.7144790273",0,2015-01-14 07:19:20
"248",167,3967,"15:19:20","2015-01-14","Wangag",3,2015-01-14 07:19:20,2015,1,14,7,19,20,"10.8714649547","124.7144790273",0,2015-01-14 07:19:20
"249",167,3966,"15:19:20","2015-01-14","Wangag",3,2015-01-14 07:19:20,2015,1,14,7,19,20,"10.8714649547","124.7144790273",0,2015-01-14 07:19:20
"250",167,3965,"15:19:20","2015-01-14","Wangag",3,2015-01-14 07:19:20,2015,1,14,7,19,20,"10.8714649547","124.7144790273",0,2015-01-14 07:19:20
"251",167,3964,"15:19:20","2015-01-14","Wangag",3,2015-01-14 07:19:20,2015,1,14,7,19,20,"10.8714649547","124.7144790273",0,2015-01-14 07:19:20
"252",167,3963,"15:19:20","2015-01-14","Wangag",3,2015-01-14 07:19:20,2015,1,14,7,19,20,"10.8714649547","124.7144790273",0,2015-01-14 07:19:20
"253",167,3962,"15:19:20","2015-01-14","Wangag",3,2015-01-14 07:19:20,2015,1,14,7,19,20,"10.8714649547","124.7144790273",0,2015-01-14 07:19:20
"254",169,3844,"14:10:48","2015-01-14","Wangag",5,2015-01-14 06:10:48,2015,1,14,6,10,48,"10.8715526294","124.7142149974",0,2015-01-14 06:10:48
"255",164,3785,"12:08:02","2015-01-14","Wangag",5,2015-01-14 04:08:02,2015,1,14,4,8,2,"10.8713919483","124.7143464256",0,2015-01-14 04:08:02
"256",162,3766,"11:54:12","2015-01-14","Wangag",3,2015-01-14 03:54:12,2015,1,14,3,54,12,"10.8713836502","124.7141334414",0,2015-01-14 03:54:12
"257",162,3667,"11:21:28","2015-01-14","Wangag",3,2015-01-14 03:21:28,2015,1,14,3,21,28,"10.8715156652","124.7142096329",0,2015-01-14 03:21:28
"258",162,3651,"11:11:13","2015-01-14","Wangag",3,2015-01-14 03:11:13,2015,1,14,3,11,13,"10.8714676369","124.7142172605",0,2015-01-14 03:11:13
"259",160,3650,"11:10:51","2015-01-14","Wangag",1,2015-01-14 03:10:51,2015,1,14,3,10,51,"10.869218","124.716317",0,2015-01-14 03:10:51
"260",164,3593,"10:55:47","2015-01-14","Wangag",5,2015-01-14 02:55:47,2015,1,14,2,55,47,"10.8714602608","124.7142349463",0,2015-01-14 02:55:47
"261",162,3591,"10:54:13","2015-01-14","Wangag",3,2015-01-14 02:54:13,2015,1,14,2,54,13,"10.8715307526","124.7142332699",0,2015-01-14 02:54:13
"262",162,3527,"10:28:13","2015-01-14","Wangag",3,2015-01-14 02:28:13,2015,1,14,2,28,13,"10.8713606000","124.7144055180",0,2015-01-14 02:28:13
"263",162,3522,"10:26:13","2015-01-14","Wangag",3,2015-01-14 02:26:13,2015,1,14,2,26,13,"10.8713553194","124.7143729962",0,2015-01-14 02:26:13
"264",162,3507,"10:21:13","2015-01-14","Wangag",3,2015-01-14 02:21:13,2015,1,14,2,21,13,"10.8713219594","124.7143442463",0,2015-01-14 02:21:13
"265",164,3500,"10:17:17","2015-01-14","Wangag",5,2015-01-14 02:17:17,2015,1,14,2,17,17,"10.8711689897","124.7143610101",0,2015-01-14 02:17:17
"266",162,3475,"09:57:58","2015-01-14","Wangag",3,2015-01-14 01:57:58,2015,1,14,1,57,58,"10.8710203785","124.7142652888",0,2015-01-14 01:57:58
"267",164,3460,"09:48:47","2015-01-14","Wangag",5,2015-01-14 01:48:47,2015,1,14,1,48,47,"10.8709650580","124.7144161630",0,2015-01-14 01:48:47
"268",157,3431,"15:04:43","2015-01-13","Palanas",2,2015-01-13 07:04:43,2015,1,13,7,4,43,"10.8737099636","124.7114505619",0,2015-01-13 07:04:43
"269",159,3424,"14:49:30","2015-01-13","Palanas",4,2015-01-13 06:49:30,2015,1,13,6,49,30,"10.8734896034","124.7121696454",0,2015-01-13 06:49:30
"270",157,3416,"14:40:58","2015-01-13","Palanas",2,2015-01-13 06:40:58,2015,1,13,6,40,58,"10.8733922057","124.7122029215",0,2015-01-13 06:40:58
"271",159,3399,"14:16:30","2015-01-13","Palanas",4,2015-01-13 06:16:30,2015,1,13,6,16,30,"10.8730352204","124.7120516282",0,2015-01-13 06:16:30
"272",159,3385,"14:05:45","2015-01-13","Palanas",4,2015-01-13 06:05:45,2015,1,13,6,5,45,"10.8732376434","124.7122051008",0,2015-01-13 06:05:45
"273",179,4685,"11:57:50","2015-01-19","Sitio Baybayon",5,2015-01-19 03:57:50,2015,1,19,3,57,50,"10.6350075267","124.7764246445",0,2015-01-19 03:57:50
"274",178,4677,"11:52:19","2015-01-19","Sitio Baybayon",4,2015-01-19 03:52:19,2015,1,19,3,52,19,"10.6353200879","124.7759307828",0,2015-01-19 03:52:19
"275",158,3360,"13:50:39","2015-01-13","Palanas",3,2015-01-13 05:50:39,2015,1,13,5,50,39,"10.8743494190","124.7107691132",0,2015-01-13 05:50:39
"276",157,3359,"13:49:58","2015-01-13","Palanas",2,2015-01-13 05:49:58,2015,1,13,5,49,58,"10.8732461091","124.7120393906",0,2015-01-13 05:49:58
"277",159,3357,"13:47:45","2015-01-13","Palanas",4,2015-01-13 05:47:45,2015,1,13,5,47,45,"10.8732933830","124.7121294960",0,2015-01-13 05:47:45
"278",179,4635,"10:59:05","2015-01-19","Sitio Baybayon",5,2015-01-19 02:59:05,2015,1,19,2,59,5,"10.6343901996","124.7765789554",0,2015-01-19 02:59:05
"279",178,4633,"10:55:49","2015-01-19","Sitio Baybayon",4,2015-01-19 02:55:49,2015,1,19,2,55,49,"10.6346686464","124.7762684897",0,2015-01-19 02:55:49
"280",159,3329,"13:22:00","2015-01-13","Palanas",4,2015-01-13 05:22:00,2015,1,13,5,22,0,"10.8735412359","124.7115975805",0,2015-01-13 05:22:00
"281",154,3312,"11:15:30","2015-01-13","Palanas",3,2015-01-13 03:15:30,2015,1,13,3,15,30,"10.8738519531","124.7104708012",0,2015-01-13 03:15:30
"282",174,4575,"15:21:03","2015-01-15","Wangag",1,2015-01-15 07:21:03,2015,1,15,7,21,3,"10.870393","124.715002",0,2015-01-15 07:21:03
"283",154,3275,"10:36:00","2015-01-13","Palanas",3,2015-01-13 02:36:00,2015,1,13,2,36,0,"10.8738450799","124.7109712008",0,2015-01-13 02:36:00
"284",154,3260,"10:20:00","2015-01-13","Palanas",3,2015-01-13 02:20:00,2015,1,13,2,20,0,"10.8736873325","124.7110676765",0,2015-01-13 02:20:00
"285",153,3258,"10:18:35","2015-01-13","Palanas",2,2015-01-13 02:18:35,2015,1,13,2,18,35,"10.8728461247","124.7118964791",0,2015-01-13 02:18:35
"286",154,3256,"10:18:00","2015-01-13","Palanas",3,2015-01-13 02:18:00,2015,1,13,2,18,0,"10.8735887613","124.7110152058",0,2015-01-13 02:18:00
"287",153,3255,"10:15:35","2015-01-13","Palanas",2,2015-01-13 02:15:35,2015,1,13,2,15,35,"10.8729265071","124.7119250614",0,2015-01-13 02:15:35
"288",155,3230,"09:50:36","2015-01-13","Palanas",4,2015-01-13 01:50:36,2015,1,13,1,50,36,"10.8728909679","124.7121442482",0,2015-01-13 01:50:36
"289",155,3212,"09:34:50","2015-01-13","Palanas",4,2015-01-13 01:34:50,2015,1,13,1,34,50,"10.8730944805","124.7121498641",0,2015-01-13 01:34:50
"290",170,4331,"11:13:31","2015-01-15","Magbangon",1,2015-01-15 03:13:31,2015,1,15,3,13,31,"10.861888","124.721149",0,2015-01-15 03:13:31
"291",149,3150,"12:28:45","2015-01-12","Cabato-an & Magbangon",2,2015-01-12 04:28:45,2015,1,12,4,28,45,"10.8550377656","124.7276867274",0,2015-01-12 04:28:45
"292",170,4221,"10:14:16","2015-01-15","Magbangon",1,2015-01-15 02:14:16,2015,1,15,2,14,16,"10.861973","124.720968",0,2015-01-15 02:14:16
"293",173,4199,"10:06:03","2015-01-15","Magbangon",5,2015-01-15 02:06:03,2015,1,15,2,6,3,"10.8620010316","124.7208754253",0,2015-01-15 02:06:03
"294",144,3103,"10:10:00","2015-01-12","Cabatoan",1,2015-01-12 02:10:00,2015,1,12,2,10,0,"10.855582","124.726023",0,2015-01-12 02:10:00
"295",144,3102,"10:10:00","2015-01-12","Cabatoan",1,2015-01-12 02:10:00,2015,1,12,2,10,0,"10.855582","124.726023",0,2015-01-12 02:10:00
"296",144,3101,"10:10:00","2015-01-12","Cabatoan",1,2015-01-12 02:10:00,2015,1,12,2,10,0,"10.855582","124.726023",0,2015-01-12 02:10:00
"297",144,3100,"10:10:00","2015-01-12","Cabatoan",1,2015-01-12 02:10:00,2015,1,12,2,10,0,"10.855582","124.726023",0,2015-01-12 02:10:00
"298",144,3099,"10:10:00","2015-01-12","Cabatoan",1,2015-01-12 02:10:00,2015,1,12,2,10,0,"10.855582","124.726023",0,2015-01-12 02:10:00
"299",144,3098,"10:10:00","2015-01-12","Cabatoan",1,2015-01-12 02:10:00,2015,1,12,2,10,0,"10.855582","124.726023",0,2015-01-12 02:10:00
"300",144,3097,"10:10:00","2015-01-12","Cabatoan",1,2015-01-12 02:10:00,2015,1,12,2,10,0,"10.855582","124.726023",0,2015-01-12 02:10:00
"301",145,3093,"09:58:59","2015-01-12","Cabato-an",2,2015-01-12 01:58:59,2015,1,12,1,58,59,"10.8550178166","124.7272243816",0,2015-01-12 01:58:59
"302",144,3082,"09:33:30","2015-01-12","Cabatoan",1,2015-01-12 01:33:30,2015,1,12,1,33,30,"10.855788","124.725496",0,2015-01-12 01:33:30
"303",144,3081,"09:33:30","2015-01-12","Cabatoan",1,2015-01-12 01:33:30,2015,1,12,1,33,30,"10.855788","124.725496",0,2015-01-12 01:33:30
"304",144,3080,"09:33:30","2015-01-12","Cabatoan",1,2015-01-12 01:33:30,2015,1,12,1,33,30,"10.855788","124.725496",0,2015-01-12 01:33:30
"305",144,3079,"09:33:30","2015-01-12","Cabatoan",1,2015-01-12 01:33:30,2015,1,12,1,33,30,"10.855788","124.725496",0,2015-01-12 01:33:30
"306",144,3078,"09:33:30","2015-01-12","Cabatoan",1,2015-01-12 01:33:30,2015,1,12,1,33,30,"10.855788","124.725496",0,2015-01-12 01:33:30
"307",144,3077,"09:33:30","2015-01-12","Cabatoan",1,2015-01-12 01:33:30,2015,1,12,1,33,30,"10.855788","124.725496",0,2015-01-12 01:33:30
"308",144,3076,"09:33:30","2015-01-12","Cabatoan",1,2015-01-12 01:33:30,2015,1,12,1,33,30,"10.855788","124.725496",0,2015-01-12 01:33:30
"309",144,3075,"09:33:30","2015-01-12","Cabatoan",1,2015-01-12 01:33:30,2015,1,12,1,33,30,"10.855788","124.725496",0,2015-01-12 01:33:30
"310",144,3074,"09:33:30","2015-01-12","Cabatoan",1,2015-01-12 01:33:30,2015,1,12,1,33,30,"10.855788","124.725496",0,2015-01-12 01:33:30
"311",144,3073,"09:33:30","2015-01-12","Cabatoan",1,2015-01-12 01:33:30,2015,1,12,1,33,30,"10.855788","124.725496",0,2015-01-12 01:33:30
"312",144,3072,"09:33:30","2015-01-12","Cabatoan",1,2015-01-12 01:33:30,2015,1,12,1,33,30,"10.855788","124.725496",0,2015-01-12 01:33:30
"313",144,3071,"09:33:30","2015-01-12","Cabatoan",1,2015-01-12 01:33:30,2015,1,12,1,33,30,"10.855788","124.725496",0,2015-01-12 01:33:30
"314",144,3070,"09:33:30","2015-01-12","Cabatoan",1,2015-01-12 01:33:30,2015,1,12,1,33,30,"10.855788","124.725496",0,2015-01-12 01:33:30
"315",144,3069,"09:33:30","2015-01-12","Cabatoan",1,2015-01-12 01:33:30,2015,1,12,1,33,30,"10.855788","124.725496",0,2015-01-12 01:33:30
"316",144,3068,"09:33:30","2015-01-12","Cabatoan",1,2015-01-12 01:33:30,2015,1,12,1,33,30,"10.855788","124.725496",0,2015-01-12 01:33:30
"317",144,3067,"09:33:30","2015-01-12","Cabatoan",1,2015-01-12 01:33:30,2015,1,12,1,33,30,"10.855788","124.725496",0,2015-01-12 01:33:30
"318",144,3066,"09:33:30","2015-01-12","Cabatoan",1,2015-01-12 01:33:30,2015,1,12,1,33,30,"10.855788","124.725496",0,2015-01-12 01:33:30
"319",144,3065,"09:33:30","2015-01-12","Cabatoan",1,2015-01-12 01:33:30,2015,1,12,1,33,30,"10.855788","124.725496",0,2015-01-12 01:33:30
"320",147,3061,"09:21:34","2015-01-12","Cabatoan",5,2015-01-12 01:21:34,2015,1,12,1,21,34,"10.8547818661","124.7276312392",0,2015-01-12 01:21:34
"321",137,3054,"13:19:00","2015-01-11","Poroc San Flower",1,2015-01-11 05:19:00,2015,1,11,5,19,0,"10.764210","124.785320",0,2015-01-11 05:19:00
"322",135,3040,"11:15:00","2015-01-11","Poroc Rose",3,2015-01-11 03:15:00,2015,1,11,3,15,0,"10.7550490368","124.7850514669",0,2015-01-11 03:15:00
"323",135,3038,"11:10:00","2015-01-11","Poroc Rose",3,2015-01-11 03:10:00,2015,1,11,3,10,0,"10.7550537307","124.7850820608",0,2015-01-11 03:10:00
"324",135,3036,"11:08:00","2015-01-11","Poroc Rose",3,2015-01-11 03:08:00,2015,1,11,3,8,0,"10.7551301736","124.7850483656",0,2015-01-11 03:08:00
"325",135,3035,"10:58:00","2015-01-11","Poroc Rose",3,2015-01-11 02:58:00,2015,1,11,2,58,0,"10.7551341131","124.7852809634",0,2015-01-11 02:58:00
"326",135,3033,"10:51:00","2015-01-11","Poroc Rose",3,2015-01-11 02:51:00,2015,1,11,2,51,0,"10.7555314153","124.7852987330",0,2015-01-11 02:51:00
"327",135,3030,"10:43:00","2015-01-11","Poroc Rose",3,2015-01-11 02:43:00,2015,1,11,2,43,0,"10.7558091078","124.7855422273",0,2015-01-11 02:43:00
"328",131,2962,"14:50:41","2015-01-10","Sitio Baybayon",2,2015-01-10 06:50:41,2015,1,10,6,50,41,"10.6348405592","124.7764467727",0,2015-01-10 06:50:41
"329",132,2950,"14:35:05","2015-01-10","Sitio Baybayon",4,2015-01-10 06:35:05,2015,1,10,6,35,5,"10.6348760985","124.7764477786",0,2015-01-10 06:35:05
"330",129,2859,"09:23:09","2015-01-10","Sitio Baybayon",2,2015-01-10 01:23:09,2015,1,10,1,23,9,"10.6341055501","124.7767584119",0,2015-01-10 01:23:09
"331",127,2842,"14:20:21","2015-01-09","Sitio Baybayon",4,2015-01-09 06:20:21,2015,1,9,6,20,21,"10.6337737944","124.7769726533",0,2015-01-09 06:20:21
"332",127,2791,"12:49:51","2015-01-09","Sitio Baybayon",4,2015-01-09 04:49:51,2015,1,9,4,49,51,"10.6335132848","124.7768523730",0,2015-01-09 04:49:51
"333",122,2704,"14:29:14","2015-01-08","Sitio Baybayon",4,2015-01-08 06:29:14,2015,1,8,6,29,14,"10.6331862230","124.7770894133",0,2015-01-08 06:29:14
"334",122,2699,"14:21:59","2015-01-08","Sitio Baybayon",4,2015-01-08 06:21:59,2015,1,8,6,21,59,"10.6331656035","124.7770775110",0,2015-01-08 06:21:59
"335",266,6605,"11:46:00","2015-06-07","Hilapnitan - Elementary School",3,2015-06-07 03:46:00,2015,6,7,3,46,0,"10.7985261362","124.7686419636",0,2015-06-07 03:46:00
"336",266,6604,"11:41:00","2015-06-07","Hilapnitan - Elementary School",3,2015-06-07 03:41:00,2015,6,7,3,41,0,"10.7984952908","124.7686552070",0,2015-06-07 03:41:00
"337",266,6603,"11:35:00","2015-06-07","Hilapnitan - Elementary School",3,2015-06-07 03:35:00,2015,6,7,3,35,0,"10.7987459097","124.7686013114",0,2015-06-07 03:35:00
"338",266,6602,"11:31:00","2015-06-07","Hilapnitan - Elementary School",3,2015-06-07 03:31:00,2015,6,7,3,31,0,"10.7988779247","124.7686436400",0,2015-06-07 03:31:00
"339",266,6601,"11:25:00","2015-06-07","Hilapnitan - Elementary School",3,2015-06-07 03:25:00,2015,6,7,3,25,0,"10.7990406174","124.7684948612",0,2015-06-07 03:25:00
"340",266,6600,"11:18:00","2015-06-07","Hilapnitan - Elementary School",3,2015-06-07 03:18:00,2015,6,7,3,18,0,"10.7994845230","124.7683101241",0,2015-06-07 03:18:00
"341",262,6573,"15:31:00","2015-06-04","Magbangon",3,2015-06-04 07:31:00,2015,6,4,7,31,0,"10.8609497733","124.7219468001",0,2015-06-04 07:31:00
"342",262,6572,"15:28:00","2015-06-04","Magbangon",3,2015-06-04 07:28:00,2015,6,4,7,28,0,"10.8609988075","124.7219383344",0,2015-06-04 07:28:00
"343",262,6569,"15:22:00","2015-06-04","Magbangon",3,2015-06-04 07:22:00,2015,6,4,7,22,0,"10.8609909285","124.7218943294",0,2015-06-04 07:22:00
"344",262,6563,"15:02:00","2015-06-04","Magbangon",3,2015-06-04 07:02:00,2015,6,4,7,2,0,"10.8609003201","124.7219148651",0,2015-06-04 07:02:00
"345",262,6562,"14:53:00","2015-06-04","Magbangon",3,2015-06-04 06:53:00,2015,6,4,6,53,0,"10.8608367015","124.7219335567",0,2015-06-04 06:53:00
"346",262,6560,"14:39:00","2015-06-04","Magbangon",3,2015-06-04 06:39:00,2015,6,4,6,39,0,"10.8609513659","124.7218286153",0,2015-06-04 06:39:00
"347",262,6559,"14:36:00","2015-06-04","Magbangon",3,2015-06-04 06:36:00,2015,6,4,6,36,0,"10.8609070256","124.7217913158",0,2015-06-04 06:36:00
"348",262,6558,"14:25:00","2015-06-04","Magbangon",3,2015-06-04 06:25:00,2015,6,4,6,25,0,"10.8609544672","124.7217841912",0,2015-06-04 06:25:00
"349",251,6318,"15:52:00","2015-05-29","Palanas",3,2015-05-29 07:52:00,2015,5,29,7,52,0,"10.8735687286","124.7111681756",0,2015-05-29 07:52:00
"350",251,6317,"15:50:00","2015-05-29","Palanas",3,2015-05-29 07:50:00,2015,5,29,7,50,0,"10.8735538926","124.7111268528",0,2015-05-29 07:50:00
"351",251,6316,"15:38:00","2015-05-29","Palanas",3,2015-05-29 07:38:00,2015,5,29,7,38,0,"10.8735074569","124.7109676804",0,2015-05-29 07:38:00
"352",251,6314,"15:25:00","2015-05-29","Palanas",3,2015-05-29 07:25:00,2015,5,29,7,25,0,"10.8738801163","124.7107407823",0,2015-05-29 07:25:00
"353",251,6313,"15:16:00","2015-05-29","Palanas",3,2015-05-29 07:16:00,2015,5,29,7,16,0,"10.8739177510","124.7107895650",0,2015-05-29 07:16:00
"354",251,6312,"15:06:00","2015-05-29","Palanas",3,2015-05-29 07:06:00,2015,5,29,7,6,0,"10.8740374446","124.7107730526",0,2015-05-29 07:06:00
"355",251,6310,"14:52:00","2015-05-29","Palanas",3,2015-05-29 06:52:00,2015,5,29,6,52,0,"10.8744137920","124.7107395250",0,2015-05-29 06:52:00
"356",251,6309,"14:46:00","2015-05-29","Palanas",3,2015-05-29 06:46:00,2015,5,29,6,46,0,"10.8743392769","124.7108036466",0,2015-05-29 06:46:00
"357",251,6308,"14:45:00","2015-05-29","Palanas",3,2015-05-29 06:45:00,2015,5,29,6,45,0,"10.8743351698","124.7107807640",0,2015-05-29 06:45:00
"358",251,6307,"14:39:00","2015-05-29","Palanas",3,2015-05-29 06:39:00,2015,5,29,6,39,0,"10.8743125387","124.7107103560",0,2015-05-29 06:39:00
"359",251,6306,"14:31:00","2015-05-29","Palanas",3,2015-05-29 06:31:00,2015,5,29,6,31,0,"10.8743884787","124.7107266169",0,2015-05-29 06:31:00
"360",251,6304,"14:21:00","2015-05-29","Palanas",3,2015-05-29 06:21:00,2015,5,29,6,21,0,"10.8741458226","124.7107986175",0,2015-05-29 06:21:00
"361",251,6303,"14:17:00","2015-05-29","Palanas",3,2015-05-29 06:17:00,2015,5,29,6,17,0,"10.8742353413","124.7108289599",0,2015-05-29 06:17:00
"362",251,6302,"14:15:00","2015-05-29","Palanas",3,2015-05-29 06:15:00,2015,5,29,6,15,0,"10.8742479980","124.7108115256",0,2015-05-29 06:15:00
"363",251,6301,"14:08:00","2015-05-29","Palanas",3,2015-05-29 06:08:00,2015,5,29,6,8,0,"10.8743038215","124.7108807601",0,2015-05-29 06:08:00
"364",251,6300,"14:07:00","2015-05-29","Palanas",3,2015-05-29 06:07:00,2015,5,29,6,7,0,"10.8743033186","124.7108866274",0,2015-05-29 06:07:00
"365",251,6299,"14:03:00","2015-05-29","Palanas",3,2015-05-29 06:03:00,2015,5,29,6,3,0,"10.8742896561","124.7108862922",0,2015-05-29 06:03:00
"366",251,6298,"14:03:00","2015-05-29","Palanas",3,2015-05-29 06:03:00,2015,5,29,6,3,0,"10.8742896561","124.7108862922",0,2015-05-29 06:03:00
"367",251,6297,"13:51:00","2015-05-29","Palanas",3,2015-05-29 05:51:00,2015,5,29,5,51,0,"10.8741298970","124.7109868750",0,2015-05-29 05:51:00
"368",250,6296,"12:24:00","2015-05-29","Palanas",3,2015-05-29 04:24:00,2015,5,29,4,24,0,"10.8738674596","124.7109810915",0,2015-05-29 04:24:00
"369",250,6295,"12:19:00","2015-05-29","Palanas",3,2015-05-29 04:19:00,2015,5,29,4,19,0,"10.8738458343","124.7109300457",0,2015-05-29 04:19:00
"370",250,6294,"12:16:00","2015-05-29","Palanas",3,2015-05-29 04:16:00,2015,5,29,4,16,0,"10.8738480136","124.7109212447",0,2015-05-29 04:16:00
"371",250,6293,"12:11:00","2015-05-29","Palanas",3,2015-05-29 04:11:00,2015,5,29,4,11,0,"10.8737751748","124.7109183948",0,2015-05-29 04:11:00
"372",250,6292,"12:10:00","2015-05-29","Palanas",3,2015-05-29 04:10:00,2015,5,29,4,10,0,"10.8737765998","124.7109095100",0,2015-05-29 04:10:00
"373",250,6291,"12:06:00","2015-05-29","Palanas",3,2015-05-29 04:06:00,2015,5,29,4,6,0,"10.8737102989","124.7108183149",0,2015-05-29 04:06:00
"374",250,6290,"12:00:00","2015-05-29","Palanas",3,2015-05-29 04:00:00,2015,5,29,4,0,0,"10.8736954629","124.7107614018",0,2015-05-29 04:00:00
"375",250,6289,"11:58:00","2015-05-29","Palanas",3,2015-05-29 03:58:00,2015,5,29,3,58,0,"10.8737769350","124.7106547840",0,2015-05-29 03:58:00
"376",250,6288,"11:57:00","2015-05-29","Palanas",3,2015-05-29 03:57:00,2015,5,29,3,57,0,"10.8738549706","124.7105768323",0,2015-05-29 03:57:00
"377",250,6287,"11:53:00","2015-05-29","Palanas",3,2015-05-29 03:53:00,2015,5,29,3,53,0,"10.8738242928","124.7104590666",0,2015-05-29 03:53:00
"378",250,6286,"11:49:00","2015-05-29","Palanas",3,2015-05-29 03:49:00,2015,5,29,3,49,0,"10.8738992270","124.7105140518",0,2015-05-29 03:49:00
"379",250,6285,"11:48:00","2015-05-29","Palanas",3,2015-05-29 03:48:00,2015,5,29,3,48,0,"10.8739009872","124.7105135489",0,2015-05-29 03:48:00
"380",250,6284,"11:44:00","2015-05-29","Palanas",3,2015-05-29 03:44:00,2015,5,29,3,44,0,"10.8740273025","124.7106536943",0,2015-05-29 03:44:00
"381",250,6283,"11:34:00","2015-05-29","Palanas",3,2015-05-29 03:34:00,2015,5,29,3,34,0,"10.8741723932","124.7107436322",0,2015-05-29 03:34:00
"382",250,6281,"11:16:00","2015-05-29","Palanas",3,2015-05-29 03:16:00,2015,5,29,3,16,0,"10.8741398714","124.7107427102",0,2015-05-29 03:16:00
"383",250,6280,"11:14:00","2015-05-29","Palanas",3,2015-05-29 03:14:00,2015,5,29,3,14,0,"10.8741062600","124.7107306402",0,2015-05-29 03:14:00
"384",250,6278,"11:12:00","2015-05-29","Palanas",3,2015-05-29 03:12:00,2015,5,29,3,12,0,"10.8740897477","124.7106869705",0,2015-05-29 03:12:00
"385",250,6277,"11:08:00","2015-05-29","Palanas",3,2015-05-29 03:08:00,2015,5,29,3,8,0,"10.8741862234","124.7106947657",0,2015-05-29 03:08:00
"386",250,6276,"11:08:00","2015-05-29","Palanas",3,2015-05-29 03:08:00,2015,5,29,3,8,0,"10.8741862234","124.7106947657",0,2015-05-29 03:08:00
"387",250,6275,"11:07:00","2015-05-29","Palanas",3,2015-05-29 03:07:00,2015,5,29,3,7,0,"10.8742665220","124.7106697038",0,2015-05-29 03:07:00
"388",250,6274,"11:05:00","2015-05-29","Palanas",3,2015-05-29 03:05:00,2015,5,29,3,5,0,"10.8742770832","124.7106563766",0,2015-05-29 03:05:00
"389",250,6273,"10:59:00","2015-05-29","Palanas",3,2015-05-29 02:59:00,2015,5,29,2,59,0,"10.8743057493","124.7106091026",0,2015-05-29 02:59:00
"390",250,6272,"10:55:00","2015-05-29","Palanas",3,2015-05-29 02:55:00,2015,5,29,2,55,0,"10.8743254468","124.7106484137",0,2015-05-29 02:55:00
"391",250,6271,"10:54:00","2015-05-29","Palanas",3,2015-05-29 02:54:00,2015,5,29,2,54,0,"10.8743981179","124.7105469089",0,2015-05-29 02:54:00
"392",250,6270,"10:54:00","2015-05-29","Palanas",3,2015-05-29 02:54:00,2015,5,29,2,54,0,"10.8743981179","124.7105469089",0,2015-05-29 02:54:00
"393",250,6269,"10:53:00","2015-05-29","Palanas",3,2015-05-29 02:53:00,2015,5,29,2,53,0,"10.8744106069","124.7105947696",0,2015-05-29 02:53:00
"394",250,6268,"10:51:00","2015-05-29","Palanas",3,2015-05-29 02:51:00,2015,5,29,2,51,0,"10.8744004648","124.7105784249",0,2015-05-29 02:51:00
"395",250,6267,"10:45:00","2015-05-29","Palanas",3,2015-05-29 02:45:00,2015,5,29,2,45,0,"10.8744003810","124.7105672769",0,2015-05-29 02:45:00
"396",250,6266,"10:44:00","2015-05-29","Palanas",3,2015-05-29 02:44:00,2015,5,29,2,44,0,"10.8743991237","124.7105803527",0,2015-05-29 02:44:00
"397",250,6265,"10:40:00","2015-05-29","Palanas",3,2015-05-29 02:40:00,2015,5,29,2,40,0,"10.8744838648","124.7105750721",0,2015-05-29 02:40:00
"398",250,6264,"10:40:00","2015-05-29","Palanas",3,2015-05-29 02:40:00,2015,5,29,2,40,0,"10.8744838648","124.7105750721",0,2015-05-29 02:40:00
"399",250,6263,"10:40:00","2015-05-29","Palanas",3,2015-05-29 02:40:00,2015,5,29,2,40,0,"10.8744838648","124.7105750721",0,2015-05-29 02:40:00
"400",250,6262,"10:38:00","2015-05-29","Palanas",3,2015-05-29 02:38:00,2015,5,29,2,38,0,"10.8745009638","124.7105976194",0,2015-05-29 02:38:00
"401",250,6260,"10:29:00","2015-05-29","Palanas",3,2015-05-29 02:29:00,2015,5,29,2,29,0,"10.8745266963","124.7105936799",0,2015-05-29 02:29:00
"402",327,7742,"15:21:00","2016-06-03","Wangag",3,2016-06-03 07:21:00,2016,6,3,7,21,0,"10.8697402943","124.7159022745",0,2016-06-03 07:21:00
"403",327,7741,"15:20:00","2016-06-03","Wangag",3,2016-06-03 07:20:00,2016,6,3,7,20,0,"10.8697687089","124.7159173619",0,2016-06-03 07:20:00
"404",327,7740,"15:13:00","2016-06-03","Wangag",3,2016-06-03 07:13:00,2016,6,3,7,13,0,"10.8697775938","124.7158005182",0,2016-06-03 07:13:00
"405",327,7739,"15:00:00","2016-06-03","Wangag",3,2016-06-03 07:00:00,2016,6,3,7,0,0,"10.8697696310","124.7157614585",0,2016-06-03 07:00:00
"406",327,7738,"15:00:00","2016-06-03","Wangag",3,2016-06-03 07:00:00,2016,6,3,7,0,0,"10.8697696310","124.7157614585",0,2016-06-03 07:00:00
"407",327,7737,"15:00:00","2016-06-03","Wangag",3,2016-06-03 07:00:00,2016,6,3,7,0,0,"10.8697696310","124.7157614585",0,2016-06-03 07:00:00
"408",327,7736,"15:00:00","2016-06-03","Wangag",3,2016-06-03 07:00:00,2016,6,3,7,0,0,"10.8697696310","124.7157614585",0,2016-06-03 07:00:00
"409",327,7735,"15:00:00","2016-06-03","Wangag",3,2016-06-03 07:00:00,2016,6,3,7,0,0,"10.8697696310","124.7157614585",0,2016-06-03 07:00:00
"410",327,7734,"15:00:00","2016-06-03","Wangag",3,2016-06-03 07:00:00,2016,6,3,7,0,0,"10.8697696310","124.7157614585",0,2016-06-03 07:00:00
"411",327,7733,"15:00:00","2016-06-03","Wangag",3,2016-06-03 07:00:00,2016,6,3,7,0,0,"10.8697696310","124.7157614585",0,2016-06-03 07:00:00
"412",327,7732,"15:00:00","2016-06-03","Wangag",3,2016-06-03 07:00:00,2016,6,3,7,0,0,"10.8697696310","124.7157614585",0,2016-06-03 07:00:00
"413",327,7731,"15:00:00","2016-06-03","Wangag",3,2016-06-03 07:00:00,2016,6,3,7,0,0,"10.8697696310","124.7157614585",0,2016-06-03 07:00:00
"414",327,7730,"14:41:00","2016-06-03","Wangag",3,2016-06-03 06:41:00,2016,6,3,6,41,0,"10.8702323958","124.7151386831",0,2016-06-03 06:41:00
"415",327,7729,"14:40:00","2016-06-03","Wangag",3,2016-06-03 06:40:00,2016,6,3,6,40,0,"10.8702296298","124.7151453886",0,2016-06-03 06:40:00
"416",327,7728,"14:37:00","2016-06-03","Wangag",3,2016-06-03 06:37:00,2016,6,3,6,37,0,"10.8702395204","124.7150984500",0,2016-06-03 06:37:00
"417",327,7727,"14:37:00","2016-06-03","Wangag",3,2016-06-03 06:37:00,2016,6,3,6,37,0,"10.8702395204","124.7150984500",0,2016-06-03 06:37:00
"418",327,7726,"14:26:00","2016-06-03","Wangag",3,2016-06-03 06:26:00,2016,6,3,6,26,0,"10.8703269437","124.7149603162",0,2016-06-03 06:26:00
"419",327,7724,"14:01:00","2016-06-03","Wangag",3,2016-06-03 06:01:00,2016,6,3,6,1,0,"10.8704227488","124.7147841286",0,2016-06-03 06:01:00
"420",327,7723,"13:59:00","2016-06-03","Wangag",3,2016-06-03 05:59:00,2016,6,3,5,59,0,"10.8705773950","124.7146656923",0,2016-06-03 05:59:00
"421",327,7720,"13:41:00","2016-06-03","Wangag",3,2016-06-03 05:41:00,2016,6,3,5,41,0,"10.8706894610","124.7145909257",0,2016-06-03 05:41:00
"422",327,7719,"13:40:00","2016-06-03","Wangag",3,2016-06-03 05:40:00,2016,6,3,5,40,0,"10.8707415126","124.7145765088",0,2016-06-03 05:40:00
"423",327,7718,"13:40:00","2016-06-03","Wangag",3,2016-06-03 05:40:00,2016,6,3,5,40,0,"10.8707415126","124.7145765088",0,2016-06-03 05:40:00
"424",327,7717,"13:29:00","2016-06-03","Wangag",3,2016-06-03 05:29:00,2016,6,3,5,29,0,"10.8708047122","124.7144796140",0,2016-06-03 05:29:00
"425",327,7716,"13:22:00","2016-06-03","Wangag",3,2016-06-03 05:22:00,2016,6,3,5,22,0,"10.8708516508","124.7144617606",0,2016-06-03 05:22:00
"426",327,7715,"13:05:00","2016-06-03","Wangag",3,2016-06-03 05:05:00,2016,6,3,5,5,0,"10.8709303569","124.7144572344",0,2016-06-03 05:05:00
"427",327,7714,"13:00:00","2016-06-03","Wangag",3,2016-06-03 05:00:00,2016,6,3,5,0,0,"10.8709645551","124.7144233715",0,2016-06-03 05:00:00
"428",327,7713,"12:58:00","2016-06-03","Wangag",3,2016-06-03 04:58:00,2016,6,3,4,58,0,"10.8710692450","124.7144678794",0,2016-06-03 04:58:00
"429",327,7712,"12:57:00","2016-06-03","Wangag",3,2016-06-03 04:57:00,2016,6,3,4,57,0,"10.8711354621","124.7143962979",0,2016-06-03 04:57:00
"430",327,7711,"12:56:00","2016-06-03","Wangag",3,2016-06-03 04:56:00,2016,6,3,4,56,0,"10.8712881804","124.7144523729",0,2016-06-03 04:56:00
"431",327,7710,"12:56:00","2016-06-03","Wangag",3,2016-06-03 04:56:00,2016,6,3,4,56,0,"10.8712881804","124.7144523729",0,2016-06-03 04:56:00
"432",327,7709,"12:54:00","2016-06-03","Wangag",3,2016-06-03 04:54:00,2016,6,3,4,54,0,"10.8713718317","124.7144885827",0,2016-06-03 04:54:00
"433",327,7708,"12:53:00","2016-06-03","Wangag",3,2016-06-03 04:53:00,2016,6,3,4,53,0,"10.8713787049","124.7144538816",0,2016-06-03 04:53:00
"434",327,7707,"12:40:00","2016-06-03","Wangag",3,2016-06-03 04:40:00,2016,6,3,4,40,0,"10.8714174293","124.7143828031",0,2016-06-03 04:40:00
"435",327,7706,"12:39:00","2016-06-03","Wangag",3,2016-06-03 04:39:00,2016,6,3,4,39,0,"10.8714081254","124.7143722419",0,2016-06-03 04:39:00
"436",326,7705,"11:12:00","2016-06-03","Magbangon",3,2016-06-03 03:12:00,2016,6,3,3,12,0,"10.8583827317","124.7243583575",0,2016-06-03 03:12:00
"437",326,7704,"11:04:00","2016-06-03","Magbangon",3,2016-06-03 03:04:00,2016,6,3,3,4,0,"10.8583399840","124.7242539190",0,2016-06-03 03:04:00
"438",326,7703,"11:03:00","2016-06-03","Magbangon",3,2016-06-03 03:03:00,2016,6,3,3,3,0,"10.8582928777","124.7243462875",0,2016-06-03 03:03:00
"439",326,7702,"11:03:00","2016-06-03","Magbangon",3,2016-06-03 03:03:00,2016,6,3,3,3,0,"10.8582928777","124.7243462875",0,2016-06-03 03:03:00
"440",326,7701,"11:02:00","2016-06-03","Magbangon",3,2016-06-03 03:02:00,2016,6,3,3,2,0,"10.8582538180","124.7243839223",0,2016-06-03 03:02:00
"441",326,7700,"11:02:00","2016-06-03","Magbangon",3,2016-06-03 03:02:00,2016,6,3,3,2,0,"10.8582538180","124.7243839223",0,2016-06-03 03:02:00
"442",326,7699,"11:02:00","2016-06-03","Magbangon",3,2016-06-03 03:02:00,2016,6,3,3,2,0,"10.8582538180","124.7243839223",0,2016-06-03 03:02:00
"443",326,7698,"11:00:00","2016-06-03","Magbangon",3,2016-06-03 03:00:00,2016,6,3,3,0,0,"10.8582171053","124.7242990974",0,2016-06-03 03:00:00
"444",326,7697,"10:56:00","2016-06-03","Magbangon",3,2016-06-03 02:56:00,2016,6,3,2,56,0,"10.8580606151","124.7243078984",0,2016-06-03 02:56:00
"445",326,7696,"10:47:00","2016-06-03","Magbangon",3,2016-06-03 02:47:00,2016,6,3,2,47,0,"10.8580338769","124.7243056353",0,2016-06-03 02:47:00
"446",326,7695,"10:43:00","2016-06-03","Magbangon",3,2016-06-03 02:43:00,2016,6,3,2,43,0,"10.8580127545","124.7243889514",0,2016-06-03 02:43:00
"447",326,7694,"10:33:00","2016-06-03","Magbangon",3,2016-06-03 02:33:00,2016,6,3,2,33,0,"10.8577647340","124.7244705912",0,2016-06-03 02:33:00
"448",326,7691,"10:09:00","2016-06-03","Magbangon",3,2016-06-03 02:09:00,2016,6,3,2,9,0,"10.8578027878","124.7245871834",0,2016-06-03 02:09:00
"449",326,7690,"10:05:00","2016-06-03","Magbangon",3,2016-06-03 02:05:00,2016,6,3,2,5,0,"10.8577675000","124.7246047016",0,2016-06-03 02:05:00
"450",326,7689,"09:57:00","2016-06-03","Magbangon",3,2016-06-03 01:57:00,2016,6,3,1,57,0,"10.8578229882","124.7245888598",0,2016-06-03 01:57:00
"451",326,7688,"09:57:00","2016-06-03","Magbangon",3,2016-06-03 01:57:00,2016,6,3,1,57,0,"10.8578229882","124.7245888598",0,2016-06-03 01:57:00
"452",326,7687,"09:57:00","2016-06-03","Magbangon",3,2016-06-03 01:57:00,2016,6,3,1,57,0,"10.8578229882","124.7245888598",0,2016-06-03 01:57:00
"453",318,7380,"11:45:00","2016-05-29","Magbangon",3,2016-05-29 03:45:00,2016,5,29,3,45,0,"10.8618803322","124.7211159021",0,2016-05-29 03:45:00
"454",318,7355,"09:59:00","2016-05-29","Magbangon",3,2016-05-29 01:59:00,2016,5,29,1,59,0,"10.8618229162","124.7209861502",0,2016-05-29 01:59:00
"455",317,7352,"14:36:00","2016-05-28","Poroc Rose",3,2016-05-28 06:36:00,2016,5,28,6,36,0,"10.7562898938","124.7857656050",0,2016-05-28 06:36:00
"456",317,7351,"14:34:00","2016-05-28","Poroc Rose",3,2016-05-28 06:34:00,2016,5,28,6,34,0,"10.7565493137","124.7858883999",0,2016-05-28 06:34:00
"457",317,7350,"14:19:00","2016-05-28","Poroc Rose",3,2016-05-28 06:19:00,2016,5,28,6,19,0,"10.7566092443","124.7859937605",0,2016-05-28 06:19:00
"458",317,7349,"14:18:00","2016-05-28","Poroc Rose",3,2016-05-28 06:18:00,2016,5,28,6,18,0,"10.7565239165","124.7859213408",0,2016-05-28 06:18:00
"459",317,7348,"14:16:00","2016-05-28","Poroc Rose",3,2016-05-28 06:16:00,2016,5,28,6,16,0,"10.7564808335","124.7857889906",0,2016-05-28 06:16:00
"460",317,7347,"14:05:00","2016-05-28","Poroc Rose",3,2016-05-28 06:05:00,2016,5,28,6,5,0,"10.7564374153","124.7858254518",0,2016-05-28 06:05:00
"461",317,7346,"13:40:00","2016-05-28","Poroc Rose",3,2016-05-28 05:40:00,2016,5,28,5,40,0,"10.7562667597","124.7856257111",0,2016-05-28 05:40:00
"462",316,7345,"11:32:00","2016-05-28","Poroc San Flower",3,2016-05-28 03:32:00,2016,5,28,3,32,0,"10.7635891903","124.7852106392",0,2016-05-28 03:32:00
"463",316,7344,"11:23:00","2016-05-28","Poroc San Flower",3,2016-05-28 03:23:00,2016,5,28,3,23,0,"10.7639066130","124.7851349507",0,2016-05-28 03:23:00
"464",316,7343,"10:57:00","2016-05-28","Poroc San Flower",3,2016-05-28 02:57:00,2016,5,28,2,57,0,"10.7641813718","124.7852853220",0,2016-05-28 02:57:00
"465",316,7341,"10:48:00","2016-05-28","Poroc San Flower",3,2016-05-28 02:48:00,2016,5,28,2,48,0,"10.7641760912","124.7853046004",0,2016-05-28 02:48:00
"466",316,7340,"10:47:00","2016-05-28","Poroc San Flower",3,2016-05-28 02:47:00,2016,5,28,2,47,0,"10.7641741633","124.7853093781",0,2016-05-28 02:47:00
"467",316,7339,"10:45:00","2016-05-28","Poroc San Flower",3,2016-05-28 02:45:00,2016,5,28,2,45,0,"10.7642083615","124.7852694802",0,2016-05-28 02:45:00
"468",316,7338,"10:44:00","2016-05-28","Poroc San Flower",3,2016-05-28 02:44:00,2016,5,28,2,44,0,"10.7642470859","124.7852158360",0,2016-05-28 02:44:00
"469",316,7337,"10:44:00","2016-05-28","Poroc San Flower",3,2016-05-28 02:44:00,2016,5,28,2,44,0,"10.7642470859","124.7852158360",0,2016-05-28 02:44:00
"470",316,7336,"10:25:00","2016-05-28","Poroc San Flower",3,2016-05-28 02:25:00,2016,5,28,2,25,0,"10.7644628361","124.7853184305",0,2016-05-28 02:25:00
"471",316,7335,"10:23:00","2016-05-28","Poroc San Flower",3,2016-05-28 02:23:00,2016,5,28,2,23,0,"10.7644407917","124.7853102162",0,2016-05-28 02:23:00
"472",316,7333,"10:07:00","2016-05-28","Poroc San Flower",3,2016-05-28 02:07:00,2016,5,28,2,7,0,"10.7645624131","124.7854149900",0,2016-05-28 02:07:00
"473",316,7332,"10:02:00","2016-05-28","Poroc San Flower",3,2016-05-28 02:02:00,2016,5,28,2,2,0,"10.7645567972","124.7854501940",0,2016-05-28 02:02:00
"474",315,7331,"11:08:00","2016-05-27","Visca",3,2016-05-27 03:08:00,2016,5,27,3,8,0,"10.7429329958","124.7872221284",0,2016-05-27 03:08:00
"475",315,7330,"10:50:00","2016-05-27","Visca",3,2016-05-27 02:50:00,2016,5,27,2,50,0,"10.7433867920","124.7869170271",0,2016-05-27 02:50:00
"476",315,7329,"10:46:00","2016-05-27","Visca",3,2016-05-27 02:46:00,2016,5,27,2,46,0,"10.7435960881","124.7869209666",0,2016-05-27 02:46:00
"477",315,7328,"10:34:00","2016-05-27","Visca",3,2016-05-27 02:34:00,2016,5,27,2,34,0,"10.7436467987","124.7867556754",0,2016-05-27 02:34:00
"478",315,7327,"10:17:00","2016-05-27","Visca",3,2016-05-27 02:17:00,2016,5,27,2,17,0,"10.7435006183","124.7865852714",0,2016-05-27 02:17:00
"479",315,7326,"10:10:00","2016-05-27","Visca",3,2016-05-27 02:10:00,2016,5,27,2,10,0,"10.7434931584","124.7866190504",0,2016-05-27 02:10:00
"480",315,7325,"10:07:00","2016-05-27","Visca",3,2016-05-27 02:07:00,2016,5,27,2,7,0,"10.7434525900","124.7863825969",0,2016-05-27 02:07:00
"481",315,7324,"10:03:00","2016-05-27","Visca",3,2016-05-27 02:03:00,2016,5,27,2,3,0,"10.7435929868","124.7864916455",0,2016-05-27 02:03:00
"482",304,7216,"10:53:30","2016-05-21","Wangag",3,2016-05-21 02:53:30,2016,5,21,2,53,30,"10.8715255558","124.7140501253",0,2016-05-21 02:53:30
"483",304,7199,"10:17:00","2016-05-21","Wangag",3,2016-05-21 02:17:00,2016,5,21,2,17,0,"10.8715237956","124.7143149935",0,2016-05-21 02:17:00
"484",300,7138,"14:52:00","2016-05-18","Tamakin Dacot",3,2016-05-18 06:52:00,2016,5,18,6,52,0,"10.6518411543","124.7829427477",0,2016-05-18 06:52:00
"485",300,7137,"14:44:00","2016-05-18","Tamakin Dacot",3,2016-05-18 06:44:00,2016,5,18,6,44,0,"10.6518578343","124.7829839867",0,2016-05-18 06:44:00
"486",300,7136,"14:34:00","2016-05-18","Tamakin Dacot",3,2016-05-18 06:34:00,2016,5,18,6,34,0,"10.6519458443","124.7829693183",0,2016-05-18 06:34:00
"487",300,7135,"14:25:00","2016-05-18","Tamakin Dacot",3,2016-05-18 06:25:00,2016,5,18,6,25,0,"10.6518535595","124.7828885168",0,2016-05-18 06:25:00
"488",300,7134,"14:24:00","2016-05-18","Tamakin Dacot",3,2016-05-18 06:24:00,2016,5,18,6,24,0,"10.6519343611","124.7828322742",0,2016-05-18 06:24:00
"489",300,7133,"14:21:00","2016-05-18","Tamakin Dacot",3,2016-05-18 06:21:00,2016,5,18,6,21,0,"10.6522525381","124.7828154266",0,2016-05-18 06:21:00
"490",300,7132,"14:06:00","2016-05-18","Tamakin Dacot",3,2016-05-18 06:06:00,2016,5,18,6,6,0,"10.6526639219","124.7832879983",0,2016-05-18 06:06:00
"491",300,7131,"13:58:00","2016-05-18","Tamakin Dacot",3,2016-05-18 05:58:00,2016,5,18,5,58,0,"10.6527261995","124.7834290657",0,2016-05-18 05:58:00
"492",300,7130,"13:51:00","2016-05-18","Tamakin Dacot",3,2016-05-18 05:51:00,2016,5,18,5,51,0,"10.6526474096","124.7833118029",0,2016-05-18 05:51:00
"493",300,7129,"13:45:00","2016-05-18","Tamakin Dacot",3,2016-05-18 05:45:00,2016,5,18,5,45,0,"10.6528045703","124.7833889164",0,2016-05-18 05:45:00
"494",300,7128,"13:30:00","2016-05-18","Tamakin Dacot",3,2016-05-18 05:30:00,2016,5,18,5,30,0,"10.6530276127","124.7835945245",0,2016-05-18 05:30:00
"495",300,7127,"13:23:00","2016-05-18","Tamakin Dacot",3,2016-05-18 05:23:00,2016,5,18,5,23,0,"10.6528197415","124.7834117990",0,2016-05-18 05:23:00
"496",300,7126,"13:20:00","2016-05-18","Tamakin Dacot",3,2016-05-18 05:20:00,2016,5,18,5,20,0,"10.6528442167","124.7834539600",0,2016-05-18 05:20:00
"497",300,7125,"13:18:00","2016-05-18","Tamakin Dacot",3,2016-05-18 05:18:00,2016,5,18,5,18,0,"10.6528662611","124.7833671235",0,2016-05-18 05:18:00
"498",300,7124,"13:13:00","2016-05-18","Tamakin Dacot",3,2016-05-18 05:13:00,2016,5,18,5,13,0,"10.6529263593","124.7834721487",0,2016-05-18 05:13:00
"499",300,7123,"13:11:00","2016-05-18","Tamakin Dacot",3,2016-05-18 05:11:00,2016,5,18,5,11,0,"10.6529115234","124.7835283913",0,2016-05-18 05:11:00
"500",300,7122,"13:07:00","2016-05-18","Tamakin Dacot",3,2016-05-18 05:07:00,2016,5,18,5,7,0,"10.6529183127","124.7834669519",0,2016-05-18 05:07:00
"501",295,7038,"13:45:00","2016-05-16","Palanas",3,2016-05-16 05:45:00,2016,5,16,5,45,0,"10.8729518205","124.7121366207",0,2016-05-16 05:45:00
"502",293,6986,"13:44:00","2016-05-15","Palanas",3,2016-05-15 05:44:00,2016,5,15,5,44,0,"10.8735401463","124.7117260750",0,2016-05-15 05:44:00
"503",456,9816,"14:23:00","2017-06-11","Palanas",4,2017-06-11 06:23:00,2017,6,11,6,23,0,"10.8738116361","124.7109129466",0,2017-06-11 06:23:00
"504",456,9805,"13:26:00","2017-06-11","Palanas",4,2017-06-11 05:26:00,2017,6,11,5,26,0,"10.8741412126","124.7107350826",0,2017-06-11 05:26:00
"505",454,9800,"11:37:00","2017-06-11","Wangag",4,2017-06-11 03:37:00,2017,6,11,3,37,0,"10.8715410624","124.7138859238",0,2017-06-11 03:37:00
"506",454,9786,"10:43:00","2017-06-11","Wangag",4,2017-06-11 02:43:00,2017,6,11,2,43,0,"10.8713944629","124.7139211278",0,2017-06-11 02:43:00
"507",454,9781,"10:20:00","2017-06-11","Wangag",4,2017-06-11 02:20:00,2017,6,11,2,20,0,"10.8713910263","124.7140736785",0,2017-06-11 02:20:00
"508",454,9777,"10:01:00","2017-06-11","Wangag",4,2017-06-11 02:01:00,2017,6,11,2,1,0,"10.8714545611","124.7140844073",0,2017-06-11 02:01:00
"509",454,9775,"09:51:00","2017-06-11","Wangag",4,2017-06-11 01:51:00,2017,6,11,1,51,0,"10.8714593388","124.7140851617",0,2017-06-11 01:51:00
"510",454,9771,"09:36:00","2017-06-11","Wangag",4,2017-06-11 01:36:00,2017,6,11,1,36,0,"10.8714866638","124.7140896041",0,2017-06-11 01:36:00
"511",448,9734,"13:08:00","2017-06-09","Tamakin Dacot",4,2017-06-09 05:08:00,2017,6,9,5,8,0,"10.6530719530","124.7836442292",0,2017-06-09 05:08:00
"512",448,9733,"12:42:00","2017-06-09","Tamakin Dacot",4,2017-06-09 04:42:00,2017,6,9,4,42,0,"10.6521207746","124.7837867215",0,2017-06-09 04:42:00
"513",448,9731,"12:30:00","2017-06-09","Tamakin Dacot",4,2017-06-09 04:30:00,2017,6,9,4,30,0,"10.6521298271","124.7838039882",0,2017-06-09 04:30:00
"514",448,9730,"12:25:00","2017-06-09","Tamakin Dacot",4,2017-06-09 04:25:00,2017,6,9,4,25,0,"10.6520998199","124.7837913316",0,2017-06-09 04:25:00
"515",448,9729,"12:19:00","2017-06-09","Tamakin Dacot",4,2017-06-09 04:19:00,2017,6,9,4,19,0,"10.6520996522","124.7838002164",0,2017-06-09 04:19:00
"516",448,9728,"12:05:00","2017-06-09","Tamakin Dacot",4,2017-06-09 04:05:00,2017,6,9,4,5,0,"10.6520889234","124.7838043235",0,2017-06-09 04:05:00
"517",448,9727,"11:47:00","2017-06-09","Tamakin Dacot",4,2017-06-09 03:47:00,2017,6,9,3,47,0,"10.6519196089","124.7834718134",0,2017-06-09 03:47:00
"518",446,9725,"10:15:00","2017-06-09","Tamakin Dacot",4,2017-06-09 02:15:00,2017,6,9,2,15,0,"10.6520612631","124.7834451590",0,2017-06-09 02:15:00
"519",446,9724,"10:14:00","2017-06-09","Tamakin Dacot",4,2017-06-09 02:14:00,2017,6,9,2,14,0,"10.6520657893","124.7834376991",0,2017-06-09 02:14:00
"520",446,9722,"09:49:00","2017-06-09","Tamakin Dacot",4,2017-06-09 01:49:00,2017,6,9,1,49,0,"10.6518546492","124.7829326894",0,2017-06-09 01:49:00
"521",446,9720,"09:34:00","2017-06-09","Tamakin Dacot",4,2017-06-09 01:34:00,2017,6,9,1,34,0,"10.6520117261","124.7829294205",0,2017-06-09 01:34:00
"522",446,9719,"09:30:00","2017-06-09","Tamakin Dacot",4,2017-06-09 01:30:00,2017,6,9,1,30,0,"10.6520006619","124.7829132434",0,2017-06-09 01:30:00
"523",446,9717,"09:08:00","2017-06-09","Tamakin Dacot",4,2017-06-09 01:08:00,2017,6,9,1,8,0,"10.6522763427","124.7827946395",0,2017-06-09 01:08:00
"524",428,9567,"12:03:00","2017-06-03","Sitio Baybayon",4,2017-06-03 04:03:00,2017,6,3,4,3,0,"10.6326857395","124.7766402271",0,2017-06-03 04:03:00
"525",428,9566,"11:57:00","2017-06-03","Sitio Baybayon",4,2017-06-03 03:57:00,2017,6,3,3,57,0,"10.6326883379","124.7766627744",0,2017-06-03 03:57:00
"526",428,9565,"11:55:00","2017-06-03","Sitio Baybayon",4,2017-06-03 03:55:00,2017,6,3,3,55,0,"10.6327006593","124.7766854055",0,2017-06-03 03:55:00
"527",428,9563,"11:48:00","2017-06-03","Sitio Baybayon",4,2017-06-03 03:48:00,2017,6,3,3,48,0,"10.6326934509","124.7767196037",0,2017-06-03 03:48:00
"528",428,9562,"11:43:00","2017-06-03","Sitio Baybayon",4,2017-06-03 03:43:00,2017,6,3,3,43,0,"10.6326510385","124.7767596692",0,2017-06-03 03:43:00
"529",428,9561,"11:40:00","2017-06-03","Sitio Baybayon",4,2017-06-03 03:40:00,2017,6,3,3,40,0,"10.6326424889","124.7767712362",0,2017-06-03 03:40:00
"530",428,9558,"11:29:00","2017-06-03","Sitio Baybayon",4,2017-06-03 03:29:00,2017,6,3,3,29,0,"10.6325836480","124.7767665423",0,2017-06-03 03:29:00
"531",428,9557,"11:26:00","2017-06-03","Sitio Baybayon",4,2017-06-03 03:26:00,2017,6,3,3,26,0,"10.6325798761","124.7767636925",0,2017-06-03 03:26:00
"532",428,9556,"11:21:00","2017-06-03","Sitio Baybayon",4,2017-06-03 03:21:00,2017,6,3,3,21,0,"10.6325820554","124.7767715715",0,2017-06-03 03:21:00
"533",420,9516,"15:05:00","2017-05-30","Wangag",4,2017-05-30 07:05:00,2017,5,30,7,5,0,"10.8703061566","124.7152065765",0,2017-05-30 07:05:00
"534",420,9513,"14:36:00","2017-05-30","Wangag",4,2017-05-30 06:36:00,2017,5,30,6,36,0,"10.8699237742","124.7158200480",0,2017-05-30 06:36:00
"535",420,9511,"14:29:00","2017-05-30","Wangag",4,2017-05-30 06:29:00,2017,5,30,6,29,0,"10.8698915038","124.7158372309",0,2017-05-30 06:29:00
"536",420,9507,"14:09:00","2017-05-30","Wangag",4,2017-05-30 06:09:00,2017,5,30,6,9,0,"10.8698383626","124.7158689145",0,2017-05-30 06:09:00
"537",420,9505,"14:04:00","2017-05-30","Wangag",4,2017-05-30 06:04:00,2017,5,30,6,4,0,"10.8697462454","124.7158670705",0,2017-05-30 06:04:00
"538",420,9493,"13:22:00","2017-05-30","Wangag",4,2017-05-30 05:22:00,2017,5,30,5,22,0,"10.8697267156","124.7159523983",0,2017-05-30 05:22:00
"539",420,9492,"13:15:00","2017-05-30","Wangag",4,2017-05-30 05:15:00,2017,5,30,5,15,0,"10.8696291503","124.7159644682",0,2017-05-30 05:15:00
"540",418,9485,"11:32:00","2017-05-30","Wangag",4,2017-05-30 03:32:00,2017,5,30,3,32,0,"10.8695868216","124.7161595151",0,2017-05-30 03:32:00
"541",418,9461,"09:39:00","2017-05-30","Wangag",4,2017-05-30 01:39:00,2017,5,30,1,39,0,"10.8690453507","124.7163639497",0,2017-05-30 01:39:00
"542",459,8985,"08:57:51","2017-06-12","Poroc San Flower",5,2017-06-12 00:57:51,2017,6,12,0,57,51,"10.7643157337","124.7852838133",0,2017-06-12 00:57:51
"543",453,8897,"14:19:46","2017-06-10","Haina",5,2017-06-10 06:19:46,2017,6,10,6,19,46,"10.6410350371","124.7785925400",0,2017-06-10 06:19:46
"544",453,8893,"14:01:46","2017-06-10","Haina",5,2017-06-10 06:01:46,2017,6,10,6,1,46,"10.6410419103","124.7784225550",0,2017-06-10 06:01:46
"545",441,8811,"11:26:59","2017-06-06","Haina",5,2017-06-06 03:26:59,2017,6,6,3,26,59,"10.6415950321","124.7778612189",0,2017-06-06 03:26:59
"546",441,8793,"10:30:29","2017-06-06","Haina",5,2017-06-06 02:30:29,2017,6,6,2,30,29,"10.6416931003","124.7779074032",0,2017-06-06 02:30:29
"547",437,8760,"12:06:42","2017-06-05","Sitio Baybayon",5,2017-06-05 04:06:42,2017,6,5,4,6,42,"10.6340180431","124.7769406345",0,2017-06-05 04:06:42
"548",437,8746,"11:24:41","2017-06-05","Sitio Baybayon",5,2017-06-05 03:24:41,2017,6,5,3,24,41,"10.6338892132","124.7769092862",0,2017-06-05 03:24:41
"549",434,8734,"14:56:13","2017-06-04","Sitio Baybayon",5,2017-06-04 06:56:13,2017,6,4,6,56,13,"10.6336505804","124.7768046800",0,2017-06-04 06:56:13
"550",428,8690,"12:03:00","2017-06-03","Sitio Baybayon",4,2017-06-03 04:03:00,2017,6,3,4,3,0,"10.6326857395","124.7766402271",0,2017-06-03 04:03:00
"551",428,8685,"11:39:00","2017-06-03","Sitio Baybayon",4,2017-06-03 03:39:00,2017,6,3,3,39,0,"10.6326555647","124.7767640278",0,2017-06-03 03:39:00
"552",426,8644,"12:16:09","2017-06-02","Sitio Baybayon",5,2017-06-02 04:16:09,2017,6,2,4,16,9,"10.6326853205","124.7769451607",0,2017-06-02 04:16:09
"553",421,8591,"13:46:57","2017-05-30","Wangag",5,2017-05-30 05:46:57,2017,5,30,5,46,57,"10.8698744047","124.7159141768",0,2017-05-30 05:46:57
"554",421,8588,"13:45:12","2017-05-30","Wangag",5,2017-05-30 05:45:12,2017,5,30,5,45,12,"10.8698464930","124.7159618698",0,2017-05-30 05:45:12
"555",419,8564,"11:02:12","2017-05-30","Wangag",5,2017-05-30 03:02:12,2017,5,30,3,2,12,"10.8696238697","124.7161816433",0,2017-05-30 03:02:12
"556",419,8543,"09:54:27","2017-05-30","Wangag",5,2017-05-30 01:54:27,2017,5,30,1,54,27,"10.8692033496","124.7163164243",0,2017-05-30 01:54:27
"557",415,8486,"11:05:34","2017-05-28","Hicgop South",5,2017-05-28 03:05:34,2017,5,28,3,5,34,"10.8121211641","124.7642331664",0,2017-05-28 03:05:34
"558",411,8482,"14:01:53","2017-05-27","Tamakin Dacot",5,2017-05-27 06:01:53,2017,5,27,6,1,53,"10.6523551326","124.7836111207",0,2017-05-27 06:01:53
"559",411,8476,"12:46:38","2017-05-27","Tamakin Dacot",5,2017-05-27 04:46:38,2017,5,27,4,46,38,"10.6523615029","124.7839337401",0,2017-05-27 04:46:38
"560",405,8446,"10:24:19","2017-05-25","Gabas",5,2017-05-25 02:24:19,2017,5,25,2,24,19,"10.7282047346","124.7933221422",0,2017-05-25 02:24:19
"561",405,8445,"09:38:19","2017-05-25","Gabas",5,2017-05-25 01:38:19,2017,5,25,1,38,19,"10.7282725442","124.7934150975",0,2017-05-25 01:38:19
"562",401,8436,"10:24:50","2017-05-23","Elementary School",5,2017-05-23 02:24:50,2017,5,23,2,24,50,"10.7988770865","124.7685321607",0,2017-05-23 02:24:50
"563",399,8417,"13:51:13","2017-05-22","San Agustin",5,2017-05-22 05:51:13,2017,5,22,5,51,13,"10.7686666958","124.7839284595",0,2017-05-22 05:51:13
"564",393,8374,"09:39:42","2017-05-21","Poroc San Flower",5,2017-05-21 01:39:42,2017,5,21,1,39,42,"10.7638693973","124.7851373814",0,2017-05-21 01:39:42
"565",391,8356,"14:12:00","2017-05-20","Palanas",5,2017-05-20 06:12:00,2017,5,20,6,12,0,"10.8727788180","124.7118430864",0,2017-05-20 06:12:00
"566",391,8355,"14:10:15","2017-05-20","Palanas",5,2017-05-20 06:10:15,2017,5,20,6,10,15,"10.8727751300","124.7118089721",0,2017-05-20 06:10:15
"567",391,8351,"13:58:59","2017-05-20","Palanas",5,2017-05-20 05:58:59,2017,5,20,5,58,59,"10.8728991821","124.7116395738",0,2017-05-20 05:58:59
"568",391,8350,"13:55:45","2017-05-20","Palanas",5,2017-05-20 05:55:45,2017,5,20,5,55,45,"10.8729125094","124.7115147673",0,2017-05-20 05:55:45
"569",391,8349,"13:52:30","2017-05-20","Palanas",5,2017-05-20 05:52:30,2017,5,20,5,52,30,"10.8729745355","124.7115591913",0,2017-05-20 05:52:30
"570",389,8332,"11:44:00","2017-05-20","Palanas",5,2017-05-20 03:44:00,2017,5,20,3,44,0,"10.8741760813","124.7107493319",0,2017-05-20 03:44:00
"571",389,8323,"11:19:00","2017-05-20","Palanas",5,2017-05-20 03:19:00,2017,5,20,3,19,0,"10.8741464093","124.7109432891",0,2017-05-20 03:19:00
"572",389,8321,"11:09:45","2017-05-20","Palanas",5,2017-05-20 03:09:45,2017,5,20,3,9,45,"10.8740265481","124.7110085841",0,2017-05-20 03:09:45
"573",389,8314,"10:54:00","2017-05-20","Palanas",5,2017-05-20 02:54:00,2017,5,20,2,54,0,"10.8737629373","124.7109197360",0,2017-05-20 02:54:00
"574",389,8306,"10:42:45","2017-05-20","Palanas",5,2017-05-20 02:42:45,2017,5,20,2,42,45,"10.8738615084","124.7107849550",0,2017-05-20 02:42:45
"575",389,8303,"10:37:00","2017-05-20","Palanas",5,2017-05-20 02:37:00,2017,5,20,2,37,0,"10.8738778532","124.7107168939",0,2017-05-20 02:37:00
"576",380,8207,"12:11:00","2017-05-18","Palanas",5,2017-05-18 04:11:00,2017,5,18,4,11,0,"10.8731676545","124.7120188549",0,2017-05-18 04:11:00
"577",380,8206,"12:06:00","2017-05-18","Palanas",5,2017-05-18 04:06:00,2017,5,18,4,6,0,"10.8730869368","124.7119927034",0,2017-05-18 04:06:00
"578",380,8205,"12:06:00","2017-05-18","Palanas",5,2017-05-18 04:06:00,2017,5,18,4,6,0,"10.8730869368","124.7119927034",0,2017-05-18 04:06:00
"579",380,8204,"11:55:00","2017-05-18","Palanas",5,2017-05-18 03:55:00,2017,5,18,3,55,0,"10.8731986675","124.7119982354",0,2017-05-18 03:55:00
"580",380,8203,"11:54:00","2017-05-18","Palanas",5,2017-05-18 03:54:00,2017,5,18,3,54,0,"10.8731689118","124.7120387200",0,2017-05-18 03:54:00
"581",380,8201,"11:51:00","2017-05-18","Palanas",5,2017-05-18 03:51:00,2017,5,18,3,51,0,"10.8731358033","124.7120590881",0,2017-05-18 03:51:00
"582",380,8200,"11:50:00","2017-05-18","Palanas",5,2017-05-18 03:50:00,2017,5,18,3,50,0,"10.8731011860","124.7120680567",0,2017-05-18 03:50:00
"583",380,8199,"11:47:00","2017-05-18","Palanas",5,2017-05-18 03:47:00,2017,5,18,3,47,0,"10.8731035329","124.7120812163",0,2017-05-18 03:47:00
"584",380,8198,"11:47:00","2017-05-18","Palanas",5,2017-05-18 03:47:00,2017,5,18,3,47,0,"10.8731035329","124.7120812163",0,2017-05-18 03:47:00
"585",380,8197,"11:46:00","2017-05-18","Palanas",5,2017-05-18 03:46:00,2017,5,18,3,46,0,"10.8730959892","124.7121238802",0,2017-05-18 03:46:00
"586",380,8196,"11:40:00","2017-05-18","Palanas",5,2017-05-18 03:40:00,2017,5,18,3,40,0,"10.8731050417","124.7121668793",0,2017-05-18 03:40:00
"587",380,8195,"10:57:00","2017-05-18","Palanas",5,2017-05-18 02:57:00,2017,5,18,2,57,0,"10.8730109129","124.7122095432",0,2017-05-18 02:57:00
"588",380,8194,"10:51:00","2017-05-18","Palanas",5,2017-05-18 02:51:00,2017,5,18,2,51,0,"10.8730704244","124.7121533845",0,2017-05-18 02:51:00
"589",380,8193,"10:51:00","2017-05-18","Palanas",5,2017-05-18 02:51:00,2017,5,18,2,51,0,"10.8730704244","124.7121533845",0,2017-05-18 02:51:00
"590",380,8192,"10:51:00","2017-05-18","Palanas",5,2017-05-18 02:51:00,2017,5,18,2,51,0,"10.8730704244","124.7121533845",0,2017-05-18 02:51:00
"591",380,8191,"10:46:00","2017-05-18","Palanas",5,2017-05-18 02:46:00,2017,5,18,2,46,0,"10.8730308618","124.7121581621",0,2017-05-18 02:46:00
"592",380,8190,"10:44:00","2017-05-18","Palanas",5,2017-05-18 02:44:00,2017,5,18,2,44,0,"10.8730088174","124.7122004069",0,2017-05-18 02:44:00
"593",380,8188,"10:40:00","2017-05-18","Palanas",5,2017-05-18 02:40:00,2017,5,18,2,40,0,"10.8729998488","124.7121667955",0,2017-05-18 02:40:00
"594",380,8187,"10:35:00","2017-05-18","Palanas",5,2017-05-18 02:35:00,2017,5,18,2,35,0,"10.8729429357","124.7121579107",0,2017-05-18 02:35:00
"595",380,8186,"10:34:00","2017-05-18","Palanas",5,2017-05-18 02:34:00,2017,5,18,2,34,0,"10.8728913870","124.7121501155",0,2017-05-18 02:34:00
"596",380,8185,"10:32:00","2017-05-18","Palanas",5,2017-05-18 02:32:00,2017,5,18,2,32,0,"10.8728809934","124.7121795360",0,2017-05-18 02:32:00
"597",380,8184,"10:29:00","2017-05-18","Palanas",5,2017-05-18 02:29:00,2017,5,18,2,29,0,"10.8729047980","124.7121819668",0,2017-05-18 02:29:00
"598",380,8183,"10:24:00","2017-05-18","Palanas",5,2017-05-18 02:24:00,2017,5,18,2,24,0,"10.8728802390","124.7122000717",0,2017-05-18 02:24:00
"599",380,8182,"10:23:00","2017-05-18","Palanas",5,2017-05-18 02:23:00,2017,5,18,2,23,0,"10.8728629723","124.7122031730",0,2017-05-18 02:23:00
"600",380,8181,"10:21:00","2017-05-18","Palanas",5,2017-05-18 02:21:00,2017,5,18,2,21,0,"10.8728492260","124.7122607566",0,2017-05-18 02:21:00
"601",380,8180,"10:08:00","2017-05-18","Palanas",5,2017-05-18 02:08:00,2017,5,18,2,8,0,"10.8728975058","124.7124228626",0,2017-05-18 02:08:00
"602",377,8178,"10:41:13","2017-05-16","Palanas",5,2017-05-16 02:41:13,2017,5,16,2,41,13,"10.8744183183","124.7107296344",0,2017-05-16 02:41:13
"603",375,8159,"12:35:34","2017-05-15","Palanas",5,2017-05-15 04:35:34,2017,5,15,4,35,34,"10.8738909289","124.7107095178",0,2017-05-15 04:35:34
"604",373,8151,"10:19:33","2017-05-15","Palanas",5,2017-05-15 02:19:33,2017,5,15,2,19,33,"10.8731637988","124.7118187789",0,2017-05-15 02:19:33
"605",371,8143,"11:11:28","2017-05-14","Wangag",5,2017-05-14 03:11:28,2017,5,14,3,11,28,"10.8718281426","124.7137517296",0,2017-05-14 03:11:28
"606",371,8136,"09:56:42","2017-05-14","Wangag",5,2017-05-14 01:56:42,2017,5,14,1,56,42,"10.8718815353","124.7137849219",0,2017-05-14 01:56:42
"607",367,8125,"12:28:35","2017-05-13","Wangag",5,2017-05-13 04:28:35,2017,5,13,4,28,35,"10.8715537190","124.7142703179",0,2017-05-13 04:28:35
